字,聲母,介音,韻腹,韻尾,聲調,注
一,,,i,t,7,
丁,t,,i,n,1,
七,tɕʰ,,i,t,7,
万,,w,a,n,6,
丈,tʰ,,o,ŋ,6,
三,s,,a,n,1,
上,s,,o,ŋ,6,
下,h,,a,,6,
與,,,i,,3,
丐,kʰ,,o,i,5,
丑,tʰ,j,u,,3,
醜,tʰ,j,u,,3,
專,t,,o,n,1,
且,tɕʰ,j,a,,3,
丕,pʰ,,i,,1,
世,ɕ,,i,,5,
丘,tɕʰ,j,u,,1,
丙,p,,i,n,3,
業,n,j,ɛ,t,8,
叢,tsʰ,,u,ŋ,2,
東,t,,u,ŋ,1,
絲,s,,ɿ,,1,
丞,ɕ,,i,n,2,
丟,t,j,u,,1,
兩,t,j,o,ŋ,3,
嚴,n,j,ɛ,n,2,
喪,s,,o,ŋ,1,
喪,s,,o,ŋ,5,
個,k,,o,,5,
丫,,,a,,1,
中,t,,u,ŋ,1,
中,t,,u,ŋ,5,
丰,f,,u,ŋ,1,
串,tʰ,,o,n,5,
臨,t,,i,n,2,
丸,,ɥ,o,n,2,
丹,t,,a,n,1,
爲,,w,i,,2,
爲,,w,i,,6,
為,,w,i,,2,
為,,w,i,,6,
主,t,,u,,3,
麗,t,,i,,6,
舉,tɕ,,i,,3,
乃,l,,a,i,3,
久,tɕ,j,u,,3,
義,n,,i,,6,
之,t,,i,,1,
烏,,,u,,1,
乍,tsʰ,,a,,6,
乎,f,,u,,2,
乏,f,,a,t,8,
樂,l,,o,ʔ,7,
喬,tɕʰ,j,a,u,2,
乖,k,w,a,i,1,
乘,ɕ,,i,n,2,
乙,,,i,t,7,
九,tɕ,j,u,,3,
乞,tɕʰ,,i,t,7,
也,,j,a,,3,
習,ɕ,,i,t,8,
鄉,ɕ,j,o,ŋ,1,
書,s,,u,,1,
買,m,,a,i,3,
亂,l,,o,n,6,
乳,,,ɛ,,3,
乳,l,,u,,3,新
乾,tɕʰ,j,ɛ,n,2,
了,t,j,ɛ,,0,〈咧〉
了,t,j,a,u,3,
爭,ts,,a,ŋ,1,白
爭,ts,,ɛ,n,1,文
事,s,,ɿ,,6,
二,,,o,,6,
于,,,i,,2,
於,,,i,,2,
虧,kʰ,w,i,,1,
云,,,y,n,2,
雲,,,y,n,2,
互,f,,u,,6,
五,ŋ,,,,3,
井,tɕ,j,a,ŋ,3,白
井,tɕ,,i,n,3,文
亘,k,,ɛ,n,5,
亞,,,a,,5,
些,ɕ,j,ɛ,,1,
亡,,w,o,ŋ,2,
交,k,,a,u,1,
亥,h,,o,i,6,
亦,,,i,ʔ,7,
產,tsʰ,,a,n,3,
亨,h,,ɛ,n,1,
畝,m,,ɛ,u,3,
享,ɕ,j,o,ŋ,3,
京,tɕ,,i,n,1,
亭,tʰ,,i,n,2,
亮,t,j,o,ŋ,6,
親,tɕʰ,,i,n,1,
褻,ɕ,j,ɛ,t,7,
人,n,,i,n,2,白
人,l,,i,n,2,文
什,ɕ,,i,t,8,
仁,l,,i,n,2,
僅,tɕʰ,,i,n,6,
仆,pʰ,,u,ʔ,8,
仇,ɕ,j,u,,2,
今,tɕ,,i,n,1,
介,k,,a,i,5,
仍,,,i,n,2,
從,tɕʰ,j,u,ŋ,2,
從,tɕʰ,j,u,ŋ,6,
侖,t,,y,n,2,
倉,tsʰ,,o,ŋ,1,
仗,t,,o,ŋ,5,
付,f,,u,,5,
仙,ɕ,j,ɛ,n,1,
代,h,,a,i,6,白
代,tʰ,,a,i,6,文
令,t,,i,n,6,
以,,,i,,3,
儀,n,,i,,2,
仰,n,j,o,ŋ,3,
仲,tʰ,,u,ŋ,6,
件,tɕʰ,j,ɛ,n,6,
價,k,,a,,5,
任,n,,i,n,6,
份,f,,u,n,6,
仿,f,,o,ŋ,3,
企,tɕʰ,,i,,3,
伊,,,i,,1,
伍,ŋ,,,,3,
伏,f,,u,ʔ,8,
伐,f,,a,t,8,
休,ɕ,j,u,,1,
衆,t,,u,ŋ,5,
優,,j,u,,1,
伙,f,,o,,3,
會,,w,o,i,6,白
會,f,,i,,6,文
傘,s,,a,n,3,
偉,,w,i,,3,
傳,tʰ,,o,n,2,
傳,tʰ,,o,n,6,
傷,s,,o,ŋ,1,
倫,t,,y,n,2,
僞,,w,i,,6,
佇,t,,u,,5,
伯,p,,a,ʔ,7,白
伯,p,,ɛ,ʔ,7,文
估,k,,u,,3,
伴,pʰ,,o,n,6,
伶,t,j,a,ŋ,2,白
伶,t,,i,n,2,文
伸,ɕ,,i,n,1,
伺,s,,ɿ,,1,
似,s,,ɿ,,6,
佃,tʰ,j,ɛ,n,6,
但,tʰ,,a,n,6,
位,,w,i,,6,
低,t,,i,,1,
住,tʰ,,u,,6,
佐,ts,,o,,5,
體,tʰ,,i,,3,
何,h,,o,,2,
余,,,i,,2,
佛,f,,u,t,8,
作,ts,,o,ʔ,7,
佞,l,,i,n,6,
僉,ɕ,j,ɛ,n,1,
佩,pʰ,,i,,6,
佩,pʰ,,o,i,6,
佳,k,,a,,1,
使,s,,ɿ,,3,
侃,kʰ,,o,n,3,
侄,tʰ,,i,t,8,
侈,tʰ,,i,,3,
例,t,,i,,6,
侍,ɕ,,i,,6,
供,tɕ,j,u,ŋ,1,
供,tɕ,j,u,ŋ,5,
依,,,i,,1,
俠,ɕ,j,ɛ,t,8,
偵,t,,i,n,1,
側,ts,,ɛ,ʔ,7,
侮,,,u,,3,
侯,h,,ɛ,u,2,
侵,tɕʰ,,i,n,1,
便,pʰ,j,ɛ,n,6,
促,tɕʰ,j,u,ʔ,7,
俄,ŋ,,o,,2,
俊,tɕ,,y,n,5,
俏,tɕʰ,j,a,u,5,
俗,ɕ,j,u,ʔ,8,
俘,f,,u,,1,
保,p,,a,u,3,
俟,s,,ɿ,,6,
信,ɕ,,i,n,5,
儼,n,j,ɛ,n,3,
儉,tɕʰ,j,ɛ,n,6,
修,ɕ,j,u,,1,
俯,f,,u,,3,
俱,tɕ,,i,,1,
俸,f,,u,ŋ,5,
俾,p,,i,,3,
倍,pʰ,,i,,6,
倍,pʰ,,o,i,6,
倍,pʰ,w,i,,6,
倒,t,,a,u,3,
倒,t,,a,u,5,
倔,tɕʰ,,y,t,8,
倘,tʰ,,o,ŋ,3,
候,h,,ɛ,u,6,
借,tɕ,j,a,,5,
借,tɕʰ,j,a,,6,
倡,tʰ,,o,ŋ,1,
倡,tʰ,,o,ŋ,5,
倦,tɕʰ,ɥ,o,n,6,
倪,n,,i,,2,
倭,,w,o,,1,
債,ts,,a,i,5,
傾,tɕʰ,j,u,ŋ,1,
假,k,,a,,3,
偏,pʰ,j,ɛ,n,1,
做,ts,,ɿ,,5,
做,ts,,o,,5,
停,tʰ,,i,n,2,
偶,ŋ,,ɛ,u,3,
偷,h,,ɛ,u,1,白
偷,tʰ,,ɛ,u,1,文
償,s,,o,ŋ,2,
傀,kʰ,w,i,,3,
傅,f,,u,,5,
傍,pʰ,,o,ŋ,6,
儲,s,,u,,2,
催,tsʰ,w,o,i,1,
催,tsʰ,w,i,,1,
傲,ŋ,,a,u,6,
傻,s,,a,,3,
像,ɕ,j,o,ŋ,6,
僧,s,,ɛ,n,1,
僭,tɕ,j,ɛ,n,5,
僵,tɕ,j,o,ŋ,1,
僻,pʰ,,i,ʔ,7,
儁,tɕ,,y,n,5,
儒,,,ɛ,,2,
儡,l,w,i,,3,
兒,,,ɛ,,2,
允,,j,u,n,3,
元,n,ɥ,o,n,2,
兄,ɕ,j,a,ŋ,1,白
兄,ɕ,j,u,ŋ,1,文
充,tʰ,,u,ŋ,1,
兆,tʰ,,a,u,6,
兆,tʰ,,ɛ,u,6,
先,ɕ,j,ɛ,n,1,
光,k,w,o,ŋ,1,
克,kʰ,,ɛ,ʔ,7,
免,m,j,ɛ,n,3,
兌,tʰ,w,o,i,6,
兌,tʰ,w,i,,6,
兔,tʰ,,u,,5,
黨,t,,o,ŋ,3,
兜,t,,ɛ,u,1,
兢,tɕ,,i,n,1,
入,l,,u,t,7,新
全,tɕʰ,ɥ,o,n,2,
八,p,,a,t,7,
公,k,,u,ŋ,1,
六,t,j,u,ʔ,8,
兮,ɕ,,i,,2,
蘭,l,,a,n,2,
共,tɕʰ,j,u,ŋ,6,
關,k,w,a,n,1,
興,ɕ,,i,n,1,
興,ɕ,,i,n,5,
兵,p,,i,n,1,
其,tɕʰ,,i,,2,
具,tɕʰ,,i,,6,
典,t,j,ɛ,n,3,
茲,ts,,ɿ,,1,
養,,j,o,ŋ,3,
兼,tɕ,j,ɛ,n,1,
獸,ɕ,j,u,,5,
冀,tɕ,,i,,5,
內,l,w,o,i,6,
內,l,w,i,,6,
冉,l,,ɛ,n,3,
再,ts,,a,i,5,
冒,m,,a,u,6,
冗,l,,u,ŋ,3,
寫,ɕ,j,a,,3,
軍,tɕ,,y,n,1,
農,l,,u,ŋ,2,
冠,k,w,o,n,1,
冢,t,,u,ŋ,3,
冤,,ɥ,o,n,1,
冥,m,,i,n,2,
冬,t,,u,ŋ,1,
馮,f,,u,ŋ,2,
冰,p,,ɛ,n,1,白
冰,p,,i,n,1,文
衝,tʰ,,u,ŋ,1,
決,tɕ,ɥ,o,t,7,
況,kʰ,w,o,ŋ,5,
冶,,j,a,,3,
冷,l,,a,ŋ,3,白
冷,l,,ɛ,n,3,文
凍,t,,u,ŋ,5,
淨,tɕʰ,j,a,ŋ,6,白
淨,tɕʰ,,i,n,6,文
悽,tɕʰ,,i,,1,
準,t,,u,n,3,
涼,t,j,o,ŋ,2,
凌,t,,i,n,2,
減,k,,a,n,3,
湊,tsʰ,,ɛ,u,5,
凜,t,,i,n,3,
凝,n,,i,n,2,
凝,ŋ,,ɛ,n,2,「傻」
几,tɕ,,i,,1,
几,tɕ,,i,,3,
凡,f,,a,n,2,
鳳,f,,u,ŋ,6,
憑,pʰ,,i,n,2,
凱,kʰ,,o,i,3,
凳,t,,ɛ,n,5,
凶,ɕ,j,u,ŋ,1,
出,tʰ,,u,t,7,
擊,tɕ,,i,ʔ,7,
函,h,,o,n,2,
鑿,tsʰ,,o,ʔ,8,
刀,t,,a,u,1,
刁,t,j,a,u,1,
刃,l,,i,n,6,
分,f,,u,n,1,
切,tɕʰ,j,ɛ,t,7,
刈,n,,i,,6,
芻,tsʰ,,u,,1,
刎,,,u,n,3,
刑,ɕ,,i,n,2,
列,t,j,ɛ,t,7,
劉,t,j,u,,2,
則,ts,,ɛ,ʔ,7,
剛,k,,o,ŋ,1,
創,tsʰ,,o,ŋ,5,
初,tsʰ,,u,,1,
刪,s,,a,n,1,
判,pʰ,,o,n,5,
利,t,,i,,6,
別,pʰ,j,ɛ,t,8,
刮,k,w,a,t,7,
到,t,,a,u,5,
制,t,,i,,5,
刷,s,w,o,t,7,
券,tɕ,ɥ,o,n,5,
剎,s,,a,t,7,
刺,tsʰ,,ɿ,,5,
刻,kʰ,,ɛ,ʔ,7,
劊,k,w,i,,5,
剃,tʰ,,i,,5,
削,ɕ,j,o,ʔ,7,
前,tɕʰ,j,ɛ,n,2,
剮,k,w,a,,3,
劍,tɕ,j,ɛ,n,5,
剔,tʰ,,i,ʔ,7,
剖,pʰ,,ɛ,u,3,
剝,p,,o,ʔ,7,
劇,tɕ,,i,ʔ,8,
剩,,,i,n,6,白
剩,ɕ,,i,n,6,文
剪,tɕ,j,ɛ,n,3,
副,f,,u,,5,
割,k,,o,t,7,
剳,t,,a,t,7,
剿,tɕ,j,a,u,3,
劈,pʰ,j,a,ʔ,7,白
劈,pʰ,,i,ʔ,7,文
力,t,,i,ʔ,7,
勸,tɕʰ,ɥ,o,n,5,
辦,pʰ,,a,n,6,
功,k,,u,ŋ,1,
加,k,,a,,1,
務,,,u,,6,
劣,t,ɥ,o,t,7,
動,tʰ,,u,ŋ,6,
助,tsʰ,,u,,6,
努,l,,u,,3,
劫,tɕ,j,ɛ,t,7,
勁,tɕ,,i,n,5,
勞,l,,a,u,2,
勢,ɕ,,i,,5,
勃,pʰ,,u,t,8,
勇,,j,u,ŋ,3,
勉,m,j,ɛ,n,3,
勳,ɕ,,y,n,1,
勒,l,,ɛ,ʔ,7,
勘,kʰ,,o,n,5,
募,m,,u,,6,
勤,tɕʰ,,i,n,2,
勺,t,,o,ʔ,7,
勿,f,,u,t,7,
勻,,,y,n,2,
包,p,,a,u,1,
北,p,,ɛ,ʔ,7,
匙,ɕ,,i,,1,
匠,ɕ,j,o,ŋ,6,
匡,tɕʰ,j,o,ŋ,1,
匣,h,,a,t,8,
匪,f,,i,,3,
匳,t,j,ɛ,n,2,
匹,pʰ,,i,t,7,
區,tɕʰ,,i,,1,
區,,,ɛ,u,1,
醫,,,i,,1,
匾,p,j,ɛ,n,3,
匿,l,,i,ʔ,7,
十,ɕ,,i,t,8,
千,tɕʰ,j,ɛ,n,1,
卅,s,,a,t,7,
升,ɕ,,i,n,1,
午,ŋ,,,,3,白
午,,,u,,3,文
卉,f,,i,,3,
半,p,,o,n,5,
華,f,,a,,2,
華,f,,a,,6,
協,ɕ,j,ɛ,t,8,
卑,p,,i,,1,
卒,ts,,u,t,7,
卓,ts,,o,ʔ,7,
單,t,,a,n,1,
單,s,,ɛ,n,6,
賣,m,,a,i,6,
南,l,,a,n,2,
博,p,,o,ʔ,7,
卜,p,,u,ʔ,7,
占,t,,ɛ,n,1,
占,t,,ɛ,n,5,
滷,l,,u,,3,
卦,k,w,a,,5,
臥,ŋ,w,o,,6,
衛,,w,i,,6,
卯,m,,a,u,3,
印,,,i,n,5,
危,,w,i,,2,
即,tɕ,,i,ʔ,7,
卻,tɕʰ,j,o,ʔ,7,
卵,l,,o,n,3,
卷,tɕ,ɥ,o,n,3,
卸,ɕ,j,a,,5,
卿,tɕʰ,,i,n,1,
廠,tʰ,,o,ŋ,3,
厄,,,ɛ,ʔ,7,
廳,tʰ,,i,n,1,
歷,t,,i,ʔ,7,
壓,ŋ,,a,t,7,
厭,,j,ɛ,n,5,
廁,tsʰ,,ɛ,ʔ,5,
厘,t,,i,,2,
厚,h,,ɛ,u,6,
原,n,ɥ,o,n,2,
廂,ɕ,j,o,ŋ,1,
厥,tɕ,ɥ,o,t,7,
廚,tʰ,,u,,2,
去,kʰ,,ɛ,,5,白
去,tɕʰ,,i,,5,文
縣,ɕ,ɥ,o,n,6,
參,tsʰ,,a,n,1,
參,s,,ɛ,n,1,
又,,j,u,,6,
叉,tsʰ,,a,,1,
及,tɕʰ,,i,t,8,
友,,j,u,,3,
雙,s,,o,ŋ,1,
反,f,,a,n,3,
發,f,,a,t,7,
叔,s,,u,ʔ,7,
取,tsʰ,,ɛ,,3,白
取,tɕʰ,,i,,3,文
受,ɕ,j,u,,6,
變,p,j,ɛ,n,5,
敍,ɕ,,i,,6,
叛,pʰ,,o,n,6,
叟,s,,a,u,3,
叟,s,,ɛ,u,3,
口,kʰ,,ɛ,u,3,
古,k,,u,,3,
句,tɕ,,i,,5,
叨,tʰ,,a,u,1,
叩,kʰ,,ɛ,u,5,
只,t,,a,ʔ,7,白
只,t,,i,,3,文
叫,tɕ,j,a,u,5,
召,tʰ,,ɛ,u,6,
可,kʰ,,o,,3,
台,tʰ,,a,i,2,
史,s,,ɿ,,3,
右,,j,u,,6,
葉,,j,ɛ,t,8,
號,h,,a,u,6,
司,s,,ɿ,,1,
嘆,h,,a,n,5,白
嘆,tʰ,,a,n,5,文
吃,tɕʰ,j,a,ʔ,7,白
吃,tɕʰ,,i,ʔ,7,文
各,k,,o,ʔ,7,
合,h,,o,t,8,
吉,tɕ,,i,t,7,
吊,t,j,a,u,5,
同,tʰ,,u,ŋ,2,
名,m,j,a,ŋ,2,白
名,m,,i,n,2,文
后,h,,ɛ,u,6,
吏,t,,i,,6,
吐,tʰ,,u,,5,
向,ɕ,j,o,ŋ,5,
嚇,h,,a,ʔ,7,
呂,t,,i,,3,
君,tɕ,,y,n,1,
吝,t,,i,n,6,
吞,h,,ɛ,n,1,白
吞,tʰ,,ɛ,n,1,文
吟,n,,i,n,2,
吠,f,,i,,6,
否,f,,ɛ,u,3,
含,h,,o,n,2,
聽,tʰ,j,a,ŋ,1,白
聽,tʰ,,i,n,1,文
聽,tʰ,,i,n,5,文
啓,tɕʰ,,i,,3,
吳,,,u,,2,
吵,tsʰ,,a,u,3,
吸,ɕ,,i,t,7,
吹,tʰ,w,i,,1,
吻,,,u,n,3,
吼,h,,ɛ,u,3,白
吾,ŋ,,u,,2,
呆,ŋ,,o,i,2,
呈,tʰ,,i,n,2,
告,k,,a,u,5,
嘔,,,ɛ,u,3,
員,,ɥ,o,n,2,
周,t,j,u,,1,
味,,w,i,,6,
呼,f,,u,,1,
命,m,j,a,ŋ,6,白
命,m,,i,n,6,文
和,,w,o,,6,白
和,f,,o,,2,文
咎,tɕʰ,j,u,,6,
詠,,,y,n,6,
咒,t,j,u,,5,
咨,ts,,ɿ,,1,
咬,ŋ,,a,u,3,
咸,h,,a,n,2,
哀,ŋ,,o,i,1,
品,pʰ,,i,n,3,
哂,ɕ,,i,n,3,
響,ɕ,j,o,ŋ,3,
啞,ŋ,,a,,3,
哥,k,,o,,1,
哭,kʰ,,u,ʔ,7,
哲,t,,ɛ,t,7,
哽,k,,ɛ,n,3,
脣,s,,u,n,2,
唐,tʰ,,o,ŋ,2,
喚,f,,o,n,5,
售,tʰ,j,u,,3,白
售,ɕ,j,u,,2,文
唯,,w,i,,2,
唱,tʰ,,o,ŋ,5,
唾,tʰ,,o,,5,
啄,t,,o,ʔ,8,
商,s,,o,ŋ,1,
嘯,ɕ,j,a,u,5,
喂,,w,i,,5,
善,s,,ɛ,n,6,
喉,h,,ɛ,u,2,
喊,h,,a,n,3,
喘,tʰ,,o,n,3,
喜,ɕ,,i,,3,
喝,h,,o,t,7,
喧,ɕ,ɥ,o,n,1,
噴,pʰ,,u,n,1,
喻,,,i,,6,
嗅,ɕ,j,u,ŋ,5,白
嗅,ɕ,j,u,,5,文
嗓,s,,o,ŋ,3,
嗜,ɕ,,i,,6,
嗟,tɕ,j,a,,1,
嗣,s,,ɿ,,6,
嗤,tʰ,,i,,1,
嗽,s,,ɛ,u,5,
嘉,k,,a,,1,
噓,ɕ,,i,,1,
囑,t,,u,ʔ,7,
嘴,tɕ,,i,,3,
嘻,ɕ,,i,,1,
噎,,j,ɛ,t,7,
器,tɕʰ,,i,,5,
囂,ɕ,j,a,u,1,
嚼,tɕ,j,o,ʔ,8,
囊,l,,o,ŋ,2,
囚,ɕ,j,u,,2,
四,s,,ɿ,,5,
回,f,,i,,2,
因,,,i,n,1,
團,h,,o,n,2,白
團,tʰ,,o,n,2,文
園,,ɥ,o,n,2,
困,kʰ,,u,n,5,
圍,,w,i,,2,
固,k,,u,,5,
國,k,w,ɛ,ʔ,7,
圖,tʰ,,u,,2,
圓,,ɥ,o,n,2,
圈,tɕʰ,ɥ,o,n,1,
土,tʰ,,u,,3,
聖,ɕ,,i,n,5,
在,tsʰ,,a,i,6,
圭,k,w,i,,1,
地,tʰ,,i,,6,
場,tʰ,,o,ŋ,2,
均,tɕ,,y,n,1,
壞,f,,a,i,6,
坐,tsʰ,,o,,6,
坑,kʰ,,a,ŋ,1,白
坑,kʰ,,ɛ,n,1,文
塊,kʰ,w,a,i,5,
堅,tɕ,j,ɛ,n,1,
壇,tʰ,,a,n,2,
墳,f,,u,n,2,
墜,tʰ,w,i,,6,白
坡,p,,o,,1,
坤,kʰ,,u,n,1,
坦,tʰ,,a,n,3,
坳,,,a,u,5,
垂,s,w,i,,2,
壘,l,w,i,,3,
垢,k,,ɛ,u,5,
垣,,ɥ,o,n,2,
墾,kʰ,,ɛ,n,3,
墊,tʰ,j,ɛ,n,6,
埃,,,a,i,2,
埋,m,,o,i,2,
埋,m,,a,i,2,
城,s,,a,ŋ,2,白
城,ɕ,,i,n,2,文
域,,,y,,5,新
培,pʰ,,i,,2,
培,pʰ,,o,i,2,
基,tɕ,,i,,1,
堂,tʰ,,o,ŋ,2,
堆,t,w,o,i,1,
堆,t,w,i,,1,
墮,tʰ,,o,,5,
堤,tʰ,,i,,2,
堪,kʰ,,o,n,1,
堵,t,,u,,3,
塌,tʰ,,a,t,7,
塔,tʰ,,a,t,7,
塞,s,,ɛ,ʔ,7,
填,tʰ,j,ɛ,n,2,
境,tɕ,,i,n,5,
墅,s,,u,,6,
牆,tɕʰ,j,o,ŋ,2,
增,ts,,ɛ,n,1,
墟,ɕ,,i,,1,
墨,m,,ɛ,ʔ,8,
墩,t,,u,n,1,
壁,p,j,a,ʔ,7,白
壁,p,,i,ʔ,7,文
壑,h,,o,ʔ,7,白
壑,tʰ,,o,ʔ,7,文
壤,l,,o,ŋ,3,
士,s,,ɿ,,6,
壬,l,,i,n,2,
壯,ts,,o,ŋ,5,
聲,s,,a,ŋ,1,白
聲,ɕ,,i,n,1,文
聲,s,,ɛ,n,1,新
殼,kʰ,,o,ʔ,7,
壺,f,,u,,2,
處,tʰ,,u,,3,
處,tʰ,,u,,5,
備,pʰ,,i,,6,
復,f,,u,ʔ,8,
夏,h,,a,,6,
夔,kʰ,w,i,,2,
夕,ɕ,,i,ʔ,7,
外,,w,a,i,6,
夙,ɕ,j,u,ʔ,7,
多,t,,o,,1,
夜,,j,a,,6,
夠,k,,ɛ,u,5,
大,h,,a,i,6,白
大,tʰ,,a,i,6,文
天,tʰ,j,ɛ,n,1,
太,tʰ,,a,i,5,
夫,f,,u,,1,
夭,,j,a,u,3,
央,,j,o,ŋ,1,
失,ɕ,,i,t,7,
頭,h,,ɛ,u,2,白
頭,tʰ,,ɛ,u,2,文
夷,,,i,,2,
夸,kʰ,w,a,,1,
夾,k,,a,t,7,
奪,tʰ,w,o,t,8,
奇,tɕʰ,,i,,2,
奈,l,,a,i,6,
奉,f,,u,ŋ,6,
奮,f,,u,n,5,
奎,kʰ,w,i,,1,
奎,k,w,i,,5,
奏,ts,,ɛ,u,5,
契,tɕʰ,,i,,5,
奔,p,,u,n,1,
獎,tɕ,j,o,ŋ,3,
套,tʰ,,a,u,5,
奚,ɕ,,i,,2,
奠,tʰ,j,ɛ,n,6,
奢,s,,a,,1,
奧,,,a,u,5,
女,n,j,ɛ,,3,白
女,n,,i,,3,文
奴,l,,u,,2,
奶,l,,a,i,2,白
奶,l,,a,i,3,
奸,k,,a,n,1,
好,h,,a,u,3,
好,h,,a,u,5,
如,l,,u,,2,文
如,,,ɛ,,2,白
妃,f,,i,,1,
妄,,w,o,ŋ,6,
婦,f,,u,,6,
妊,l,,i,n,3,
妒,t,,u,,5,
妓,tɕʰ,,i,,6,
妖,,j,a,u,1,
妙,m,j,a,u,6,
妥,tʰ,,o,,3,
妨,f,,o,ŋ,2,
妹,m,,i,,6,
妹,m,,o,i,6,
妻,tɕʰ,,i,,1,
妾,tɕʰ,j,ɛ,t,7,
姊,ts,,ɿ,,3,白
姊,tɕ,,i,,3,文
始,ɕ,,i,,3,
姐,tɕ,j,ɛ,,3,
姑,k,,u,,1,
姓,ɕ,j,a,ŋ,5,白
姓,ɕ,,i,n,5,文
委,,w,i,,3,
姘,pʰ,,i,n,1,
姚,tʰ,,a,u,2,
姚,,j,a,u,2,
姜,tɕ,j,o,ŋ,1,
姥,m,,u,,3,
姨,,,i,,2,
姬,tɕ,,i,,1,
姻,,,i,n,1,
姿,ts,,ɿ,,1,
威,,w,i,,1,
娃,,w,a,,1,
嬌,tɕ,j,a,u,1,
娑,s,,o,,1,
娘,n,j,o,ŋ,2,
娠,ɕ,,i,n,2,
娩,m,j,ɛ,n,3,
娛,ŋ,,u,,6,
娶,tsʰ,,ɛ,,3,白
娶,tɕʰ,,i,,5,文
婆,pʰ,,o,,2,
婚,f,,u,n,1,
婢,p,,i,,1,
婪,l,,o,n,2,
嬸,ɕ,,i,n,3,
媒,m,,a,i,2,白
媒,m,,i,,2,
媒,m,,o,i,2,
媚,m,,i,,6,
媾,k,,ɛ,u,5,
嫁,k,,a,,5,
嫂,s,,a,u,3,
嫌,ɕ,j,ɛ,n,2,
嫖,pʰ,j,a,u,2,
嫡,t,,i,ʔ,7,
嫩,l,,u,n,6,
嬉,ɕ,,i,,1,
孀,s,,o,ŋ,1,
子,ts,,ɿ,,3,
孑,tɕ,j,ɛ,t,7,
孔,kʰ,,u,ŋ,3,
孕,,,i,n,6,
字,tsʰ,,ɿ,,6,
存,tsʰ,,u,n,2,
孫,s,,u,n,1,
孝,h,,a,u,5,
孟,m,,ɛ,n,6,
季,tɕ,,i,,5,
孤,k,,u,,1,
學,h,,o,ʔ,8,
孩,h,,o,i,2,
孽,n,j,ɛ,t,7,
寧,n,j,a,ŋ,6,白
寧,l,,i,n,2,文
宅,tsʰ,,ɛ,ʔ,7,
宇,,,i,,3,
守,ɕ,j,u,,3,
安,ŋ,,o,n,1,
宋,s,,u,ŋ,5,
完,f,,o,n,2,白
完,,w,o,n,2,文
宕,tʰ,,o,ŋ,6,
宗,ts,,u,ŋ,1,
官,k,w,o,n,1,
宙,tʰ,j,u,,6,
定,tʰ,j,a,ŋ,6,白
定,tʰ,,i,n,6,文
宛,,w,o,n,3,
宜,n,,i,,2,
寶,p,,a,u,3,
實,ɕ,,i,t,8,
寵,tʰ,,u,ŋ,3,
審,ɕ,,i,n,3,
客,kʰ,,a,ʔ,7,白
客,kʰ,,ɛ,ʔ,7,文
宣,ɕ,ɥ,o,n,1,
室,ɕ,,i,t,7,
宥,,j,u,,6,
宦,f,,a,n,6,
憲,ɕ,j,ɛ,n,5,
宮,tɕ,j,u,ŋ,1,
宰,ts,,a,i,3,
害,h,,o,i,6,
宴,,j,ɛ,n,5,
宵,ɕ,j,a,u,1,
家,k,,a,,1,
容,,j,u,ŋ,2,
寬,kʰ,w,o,n,1,
賓,p,,i,n,1,
宿,ɕ,j,u,ʔ,7,
寂,tɕʰ,,i,ʔ,8,
寂,tɕ,,i,,5,新
寄,tɕ,,i,,5,
寅,,,i,n,2,
密,m,,i,t,7,
寇,kʰ,,ɛ,u,5,
富,f,,u,,5,
寐,m,,i,,6,
寒,h,,o,n,2,
寓,n,,i,,6,
寢,tɕʰ,,i,n,3,
寞,m,,o,ʔ,7,
察,tsʰ,,a,t,7,
寡,k,w,a,,3,
寥,t,j,a,u,2,
寨,tsʰ,,a,i,6,
寸,tsʰ,,u,n,5,
對,t,w,i,,5,
寺,s,,ɿ,,6,
尋,tɕʰ,,i,n,2,白
尋,ɕ,,i,n,2,文
導,tʰ,,a,u,5,
壽,ɕ,j,u,,6,
封,f,,u,ŋ,1,
射,s,,a,,6,
射,ɕ,,i,ʔ,8,
將,tɕ,j,o,ŋ,1,
將,tɕ,j,o,ŋ,5,
尊,ts,,u,n,1,
小,ɕ,j,a,u,3,
小,ɕ,j,a,u,3,
少,s,,ɛ,u,3,
少,s,,ɛ,u,5,
爾,,,ɛ,,3,
尖,tɕ,j,ɛ,n,1,
塵,tʰ,,i,n,2,
尚,s,,o,ŋ,6,
嘗,s,,o,ŋ,2,
尤,,j,u,,2,
堯,n,j,a,u,2,
就,tɕʰ,j,u,,6,
屍,ɕ,,i,,1,
尹,,,y,n,3,
尺,tʰ,,a,ʔ,7,白
尺,tʰ,,i,ʔ,7,文
盡,tɕ,,i,n,3,「一直」
盡,tɕʰ,,i,n,6,「全部」
尾,,m,i,,3,白
尾,,w,i,,3,文
尿,n,j,a,u,6,
局,tɕʰ,j,u,ʔ,8,
屁,pʰ,,i,,5,
層,tsʰ,,ɛ,n,2,
居,tɕ,,i,,1,
屈,tɕʰ,,y,t,7,
屆,k,,a,i,5,
屋,,,u,ʔ,7,
屎,ɕ,,i,,3,
屏,pʰ,,i,n,2,
屐,tɕʰ,j,a,ʔ,8,白
屐,tɕʰ,,i,ʔ,8,文
屑,ɕ,j,ɛ,t,7,
展,t,,ɛ,n,3,
屬,s,,u,ʔ,8,
屠,tʰ,,u,,2,
屢,t,,i,,5,
屣,ɕ,,i,,3,
履,t,,i,,3,
屯,tʰ,,u,n,2,
山,s,,a,n,1,
歲,s,w,i,,5,
豈,tɕʰ,,i,,3,
岐,tɕʰ,,i,,2,
岑,tɕʰ,j,ɛ,n,2,
島,t,,a,u,3,
嶺,t,j,a,ŋ,3,白
嶺,t,,i,n,3,文
岳,ŋ,,o,ʔ,7,
岸,ŋ,,o,n,6,
峙,tʰ,,i,,6,
峯,f,,u,ŋ,1,
崇,tsʰ,,u,ŋ,2,
崔,tsʰ,w,o,i,1,
崔,tsʰ,w,i,,1,
崖,ŋ,,a,i,2,
崩,p,,ɛ,n,1,
嵌,kʰ,,a,n,5,
嵩,ɕ,j,u,ŋ,1,
巍,,w,i,,2,
川,tʰ,,o,n,1,
州,t,j,u,,1,
巡,ɕ,,y,n,2,
巢,tsʰ,,a,u,2,
工,k,,u,ŋ,1,
左,ts,,o,,3,
巧,kʰ,,a,u,3,
巨,tɕʰ,,i,,6,
巫,,,u,,2,
差,tsʰ,,a,,1,
差,tsʰ,,a,i,1,
己,tɕ,,i,,3,
已,,,i,,3,
巳,tsʰ,,ɿ,,6,
巴,p,,a,,1,
巷,h,,o,ŋ,6,
巾,tɕ,,i,n,1,
幣,pʰ,,i,,6,
市,ɕ,,i,,6,
布,p,,u,,5,
帥,s,,u,t,7,
帆,f,,a,n,2,
師,s,,ɿ,,1,
希,ɕ,,i,,1,
帳,t,,o,ŋ,5,
帖,tʰ,j,ɛ,t,7,
帘,t,j,ɛ,n,2,
帚,t,j,u,,3,
帛,pʰ,,ɛ,ʔ,8,
帶,t,,a,i,5,
席,tɕʰ,j,a,ʔ,8,白
席,ɕ,,i,ʔ,8,文
幫,p,,o,ŋ,1,
帷,,w,i,,2,
常,s,,o,ŋ,2,
帽,m,,a,u,6,
幅,f,,u,ʔ,7,
幔,m,,o,n,6,
幕,m,,o,ʔ,7,
干,k,,o,n,1,
干,k,,o,n,5,
平,pʰ,j,a,ŋ,2,白
平,pʰ,,i,n,2,文
年,n,j,ɛ,n,2,
並,p,,i,n,5,
並,pʰ,,i,n,6,
幸,h,,ɛ,n,6,
幺,,j,a,u,1,
幻,f,,a,n,6,
幼,,j,u,,5,
幽,,j,u,,1,
廣,k,w,o,ŋ,3,
莊,ts,,o,ŋ,1,
慶,tɕʰ,,i,n,5,
庇,p,,i,,5,
牀,s,,o,ŋ,2,白
序,ɕ,,i,,6,
廬,l,,u,,2,
庫,kʰ,,u,,5,
應,,,i,n,1,
應,,,i,n,5,
底,t,,i,,3,
店,t,j,ɛ,n,5,
廟,m,j,a,u,6,
庚,k,,a,ŋ,1,白
庚,k,,ɛ,n,1,文
府,f,,u,,3,
龐,pʰ,,o,ŋ,2,
廢,f,,i,,5,
度,tʰ,,u,,6,
度,t,,o,ʔ,8,
座,tsʰ,,o,,6,
庭,tʰ,,i,n,2,
庵,,,o,n,1,
庶,s,,u,,5,
康,kʰ,,o,ŋ,1,
庸,,j,u,ŋ,2,
廉,t,j,ɛ,n,2,
廊,l,,o,ŋ,2,
廓,k,w,o,ʔ,7,
廖,t,j,a,u,6,
延,,j,ɛ,n,2,
廷,tʰ,,i,n,2,
建,tɕ,j,ɛ,n,5,
開,kʰ,,o,i,1,
異,,,i,,6,
棄,tɕʰ,,i,,5,
弄,l,,u,ŋ,6,
弊,pʰ,,i,,6,
弋,,,i,ʔ,8,白
弋,,,i,ʔ,7,文
式,ɕ,,i,ʔ,7,
弓,tɕ,j,u,ŋ,1,
引,,,i,n,3,
弗,f,,u,t,7,
弘,f,,ɛ,n,2,
弟,tʰ,,i,,6,
張,t,,o,ŋ,1,
彌,m,,i,,2,
弦,ɕ,ɥ,o,n,2,
弭,m,,i,,2,
彎,,w,a,n,1,
弱,l,,o,ʔ,7,
弱,n,j,o,ʔ,7,
彈,tʰ,,a,n,2,
彈,tʰ,,a,n,6,
強,tɕʰ,j,o,ŋ,2,
強,tɕʰ,j,o,ŋ,3,
弼,pʰ,,i,t,7,
彀,k,,ɛ,u,5,
歸,k,w,i,,1,
當,t,,o,ŋ,1,
當,t,,o,ŋ,5,
錄,t,j,u,ʔ,7,
彗,f,,i,,6,
形,ɕ,,i,n,2,
彩,tsʰ,,a,i,3,
彬,p,,i,n,1,
彭,pʰ,,a,ŋ,2,白
彭,pʰ,,ɛ,n,2,文
影,,j,a,ŋ,3,白
影,,,i,n,3,文
役,,,y,t,7,
徹,tʰ,,ɛ,t,8,
彼,p,,i,,3,
徵,t,,i,n,1,
徵,t,,i,,3,
徂,tsʰ,,u,,2,
徑,tɕ,,i,n,5,
待,tʰ,,a,i,6,
很,h,,ɛ,n,3,
律,t,,y,t,7,
徐,tsʰ,,ɛ,,2,白
徐,ɕ,,i,,2,文
徒,tʰ,,u,,2,
得,t,,ɛ,ʔ,7,
徙,ɕ,,i,,3,
御,n,,i,,3,
御,n,,i,,6,
循,ɕ,,y,n,2,
微,,w,i,,2,
德,t,,ɛ,ʔ,7,
徽,f,,i,,1,
心,ɕ,,i,n,1,
必,p,,i,t,7,
忌,tɕʰ,,i,,6,
忍,n,,i,n,3,白
忍,l,,i,n,3,文
懺,tsʰ,,a,n,5,
忒,tʰ,,ɛ,ʔ,7,
忖,tsʰ,,u,n,3,
志,t,,i,,5,
忘,,w,o,ŋ,2,
忝,tʰ,j,ɛ,n,3,
忠,t,,u,ŋ,1,
憂,,j,u,,1,
快,kʰ,w,a,i,5,
念,n,j,ɛ,n,6,
忽,f,,u,t,7,
愾,kʰ,,o,i,5,
懷,f,,a,i,2,
態,h,,a,i,6,白
態,tʰ,,a,i,1,文
慫,s,,u,ŋ,3,
慪,,,ɛ,u,5,
悵,t,,o,ŋ,5,
怏,,j,o,ŋ,1,
怒,l,,u,,6,
怕,pʰ,,a,,5,
怖,p,,u,,5,
憐,t,j,ɛ,n,2,
思,s,,ɿ,,1,
怠,tʰ,,a,i,6,
怡,,,i,,2,
急,tɕ,,i,t,7,
性,ɕ,j,a,ŋ,5,白
性,ɕ,,i,n,5,文
怨,,ɥ,o,n,5,
怪,k,w,a,i,5,
怯,tɕʰ,j,ɛ,t,7,
總,ts,,u,ŋ,3,
恃,ɕ,,i,,6,
戀,t,ɥ,o,n,6,
恍,f,,o,ŋ,3,
恐,tɕʰ,j,u,ŋ,3,
恆,h,,ɛ,n,2,
恕,s,,u,,5,
恙,,j,o,ŋ,6,
恢,f,,o,i,1,
恢,f,,i,,1,
恤,ɕ,,y,t,7,
恩,,,ɛ,n,1,
恭,tɕ,j,u,ŋ,1,
息,ɕ,,i,ʔ,7,
恰,kʰ,,a,t,7,
懇,kʰ,,ɛ,n,3,
惡,,,u,,5,
惡,,,o,ʔ,7,
惻,tsʰ,,ɛ,ʔ,7,
惱,l,,a,u,3,
悄,tɕʰ,j,a,u,3,
悉,s,,u,t,7,白
悉,ɕ,,i,t,7,文
悌,tʰ,,i,,6,
悔,f,,i,,5,
悟,ŋ,,u,,6,
悠,,j,u,,2,
患,f,,a,n,6,
悅,,ɥ,o,t,7,
懸,ɕ,ɥ,o,n,2,
憫,m,,i,n,3,
悲,p,,i,,1,
悴,tɕʰ,,i,,6,
情,tɕʰ,j,a,ŋ,2,白
情,tɕʰ,,i,n,2,文
驚,tɕ,,i,n,1,
惑,f,,ɛ,ʔ,8,
惜,ɕ,,i,ʔ,7,
惟,,w,i,,2,
惠,f,,i,,6,
懼,tɕʰ,,i,,6,
慘,tsʰ,,a,n,3,
懲,tʰ,,i,n,2,
慚,tsʰ,,a,n,2,
憚,tʰ,,a,n,6,
慣,k,w,a,n,5,
惰,tʰ,,o,,6,
想,ɕ,j,o,ŋ,3,
惹,n,j,a,,3,白
惹,n,j,ɛ,,3,文
愁,tsʰ,,ɛ,u,2,
愈,,,i,,3,
愎,p,,i,ʔ,7,
意,,,i,,5,
愚,n,,i,,2,
感,k,,o,n,3,
憤,f,,u,n,3,
愧,kʰ,w,i,,5,
愬,s,,u,,5,
願,n,ɥ,o,n,6,
慈,tsʰ,,ɿ,,2,
慌,f,,o,ŋ,1,
慎,ɕ,,i,n,6,
慕,m,,u,,6,
慢,m,,a,n,6,
慨,kʰ,,o,i,5,
慰,,w,i,,5,
慷,kʰ,,o,ŋ,3,
憎,ts,,ɛ,n,1,
憾,h,,o,n,5,
懂,t,,u,ŋ,3,
懈,h,,a,i,6,
懶,l,,a,n,3,
懿,,,i,,5,
戈,k,w,o,,1,
戊,,,u,,6,
戍,s,,u,,5,
戍,ɕ,,y,t,7,
戎,l,,u,ŋ,2,
戲,ɕ,,i,,5,
成,s,,a,ŋ,2,白
成,ɕ,,i,n,2,文
我,ŋ,,o,,3,
戒,k,,a,i,5,
戕,tɕʰ,j,o,ŋ,2,
或,f,,ɛ,ʔ,8,
戰,t,,ɛ,n,5,
戚,tɕʰ,,i,ʔ,8,
戟,tɕ,,i,ʔ,7,
截,tɕʰ,j,ɛ,t,8,
戮,t,j,u,ʔ,7,
戴,t,,a,i,5,
戶,f,,u,,6,
房,f,,o,ŋ,2,
所,s,,u,,3,
扁,p,j,ɛ,n,3,
扃,tɕ,j,u,ŋ,3,
扇,s,,ɛ,n,1,
扇,s,,ɛ,n,5,
手,ɕ,j,u,,3,
才,tsʰ,,a,i,2,
扎,ts,,a,t,7,
撲,pʰ,,u,ʔ,8,
托,tʰ,,o,ʔ,7,
扛,k,,o,ŋ,1,
扣,kʰ,,ɛ,u,5,
執,t,,i,t,7,
擴,kʰ,w,o,ʔ,7,
掃,s,,a,u,3,
揚,,j,o,ŋ,2,
扭,n,j,u,,3,
扮,p,,a,n,5,白
扯,tʰ,,a,,3,
擾,l,,a,u,3,
擾,l,,ɛ,u,3,
扳,p,,a,n,1,
扶,f,,u,,2,
批,pʰ,,i,,1,
扼,,,ɛ,ʔ,7,
承,ɕ,,i,n,2,
技,tɕʰ,,i,,6,
抄,tsʰ,,a,u,1,
把,p,,a,,3,
抑,n,,i,ʔ,7,
投,h,,ɛ,u,2,白
投,tʰ,,ɛ,u,2,文
抖,t,,ɛ,u,3,
抗,kʰ,,o,ŋ,5,
折,t,,ɛ,t,7,
撫,f,,u,,3,
摳,kʰ,,ɛ,u,2,
搶,tɕʰ,j,o,ŋ,3,
護,f,,u,,6,
報,p,,a,u,5,
披,pʰ,,i,,1,
抱,pʰ,,a,u,6,
抵,t,,i,,3,
抹,m,,o,t,8,
押,,,a,t,7,
抽,tʰ,j,u,,1,
拂,f,,u,t,7,
擔,t,,a,n,1,
擔,t,,a,n,5,
拇,m,,u,,3,
拉,l,,a,,1,
拍,pʰ,,a,ʔ,7,白
拍,pʰ,,ɛ,ʔ,7,文
拐,k,w,a,i,3,
拒,tɕʰ,,i,,6,
拔,pʰ,,a,t,8,
拖,tʰ,,o,,1,
拗,,,a,u,5,
拘,tɕ,,i,,1,
拙,t,w,o,t,7,
招,t,,ɛ,u,1,
招,t,,a,u,5,
拜,p,,a,i,5,
擬,n,,i,,3,
攏,l,,u,ŋ,3,
揀,k,,a,n,3,「挑選」
擁,,j,u,ŋ,5,
撥,p,,o,t,8,白
撥,p,,o,t,7,文
擇,tsʰ,,ɛ,ʔ,8,
括,k,w,o,t,7,
拯,tʰ,,i,n,3,
拱,tɕ,j,u,ŋ,3,
拳,tɕʰ,ɥ,o,n,2,
拼,pʰ,,o,n,1,
拾,ɕ,,i,t,8,
拿,l,,a,,2,
持,tʰ,,i,,2,
挂,k,w,a,,5,
指,t,,i,,3,
按,,,o,n,5,
挑,tʰ,j,a,u,1,
挖,,w,a,t,7,
挾,ɕ,j,ɛ,t,8,
擠,tɕ,,i,,3,
揮,f,,i,,1,
挨,,,a,i,1,
挪,l,,o,,2,
振,t,,i,n,5,
挺,tʰ,,i,n,3,
挽,,w,a,n,3,
捆,kʰ,,u,n,3,
捉,ts,,o,ʔ,7,
捋,l,w,o,t,8,
捏,n,j,ɛ,t,7,
捕,pʰ,,u,,1,
撈,l,,a,u,1,
損,ɕ,,y,n,3,
換,f,,o,n,6,
捧,p,,u,ŋ,3,「抱」
搽,tsʰ,,a,,2,「塗抹」
据,tɕ,,i,,5,
捷,tɕʰ,j,ɛ,t,8,白
捺,l,,a,t,7,
捻,n,j,ɛ,t,7,
掀,ɕ,j,ɛ,n,1,
掇,t,w,o,t,7,
授,ɕ,j,u,,6,
掉,tʰ,j,a,u,3,白
掉,tʰ,j,a,u,6,文
掌,t,,o,ŋ,3,
掏,tʰ,,a,u,2,
掐,kʰ,,a,t,7,
排,pʰ,,a,i,2,
掘,tɕʰ,ɥ,o,t,7,白
掘,tɕʰ,,y,t,8,文
掠,t,j,o,ʔ,8,
探,tʰ,,a,n,5,
接,tɕ,j,ɛ,t,7,
控,kʰ,,u,ŋ,5,
推,tʰ,w,i,,1,
掩,,j,ɛ,n,3,
措,tsʰ,,u,,5,
擲,tʰ,j,a,ʔ,7,白
擲,tʰ,,i,ʔ,7,文
揆,kʰ,w,i,,2,
揉,l,j,u,,2,
描,m,j,a,u,2,
提,tʰ,j,a,,2,白
提,tʰ,,i,,2,文
插,tsʰ,,a,t,7,
揖,,,i,t,7,
握,,,o,ʔ,7,
揣,tsʰ,w,i,,3,
揩,kʰ,,a,i,1,
揪,tɕ,j,u,,1,
揭,tɕʰ,j,ɛ,t,7,
援,,ɥ,o,n,2,
攬,l,,o,n,3,
攙,tsʰ,,a,n,2,
擱,k,,o,ʔ,7,
摟,l,,ɛ,u,5,白
攪,k,,a,u,3,
搓,tsʰ,,o,,5,
搜,s,,ɛ,u,1,
搬,p,,o,n,1,
搭,t,,a,t,7,
攝,s,,ɛ,t,7,
擺,p,,a,i,3,
搖,,j,a,u,2,
攤,h,,a,n,1,白
攤,tʰ,,a,n,1,文
摘,ts,,a,ʔ,7,
摩,m,,o,,2,
撇,pʰ,j,ɛ,t,7,
撐,tsʰ,,a,ŋ,1,
撒,s,,a,t,7,
撕,s,,ɿ,,1,
撚,l,,ɛ,n,2,
撞,tsʰ,,o,ŋ,6,
撤,tʰ,,ɛ,t,8,
撩,t,j,a,u,2,「騷擾」
播,p,,o,,5,
撮,ts,,o,t,7,
撰,tsʰ,,o,n,6,
撼,,,o,n,3,
擅,s,,ɛ,n,6,
操,tsʰ,,a,u,1,
擎,tɕ,,i,n,5,
擒,tɕʰ,,i,n,2,
攀,pʰ,,a,n,1,
支,t,,i,,1,
收,ɕ,j,u,,1,
改,k,,o,i,3,
攻,k,,u,ŋ,1,
放,f,,o,ŋ,5,
政,t,,i,n,5,
故,k,,u,,5,
效,h,,a,u,6,
敵,tʰ,,i,ʔ,8,
敏,m,,i,n,3,
救,k,,ɛ,u,5,白
救,tɕ,j,u,,5,文
敕,tʰ,,i,ʔ,7,
教,k,,a,u,5,
斂,t,j,ɛ,n,6,
敢,k,,o,n,3,
散,s,,a,n,3,
散,s,,a,n,5,
敦,t,,u,n,1,
敬,tɕ,,i,n,5,
數,s,,u,,3,
數,s,,u,,5,
敲,kʰ,,a,u,1,
整,t,,i,n,3,文
整,t,,a,ŋ,3,白
敷,f,,u,,1,
文,,,u,n,2,
齋,ts,,a,i,1,
斗,t,,ɛ,u,3,
斗,t,,ɛ,u,5,
料,t,j,a,u,6,
斜,tɕʰ,j,a,,2,
斟,t,,i,n,1,
斡,,w,o,t,7,
斤,tɕ,,i,n,1,
斥,tʰ,,i,ʔ,7,
斧,f,,u,,3,
斬,ts,,a,n,3,
斷,h,,o,n,5,白
斷,tʰ,,o,n,6,文
新,ɕ,,i,n,1,
方,f,,o,ŋ,1,
施,ɕ,,i,,1,
旁,pʰ,,o,ŋ,2,
旃,t,,ɛ,n,1,
旅,t,,i,,3,
旋,ɕ,ɥ,o,n,2,
旌,tɕ,,i,n,1,
族,tsʰ,,u,ʔ,8,
旗,tɕʰ,,i,,2,
無,,,u,,2,
既,tɕ,,i,,5,
日,n,,i,t,8,白
日,l,,i,t,7,文
旦,t,,a,n,5,
舊,tɕʰ,j,u,,6,
旨,t,,i,,3,
早,ts,,a,u,3,
旬,ɕ,,y,n,2,
旭,ɕ,j,u,ʔ,7,
旱,h,,o,n,6,
時,ɕ,,i,,2,
曠,kʰ,w,o,ŋ,5,
旺,,w,o,ŋ,6,
昂,ŋ,,o,ŋ,2,
昆,kʰ,,u,n,1,
昊,h,,a,u,6,
昌,tʰ,,o,ŋ,1,
明,m,j,a,ŋ,2,白
明,m,,i,n,2,文
昏,f,,u,n,1,
易,,,i,,6,
易,,,i,ʔ,7,
昔,ɕ,,i,ʔ,7,
星,ɕ,j,a,ŋ,1,白
星,ɕ,,i,n,1,文
映,,j,a,ŋ,5,白
映,,,i,n,5,文
春,tʰ,,u,n,1,
昧,m,,i,,6,
昧,m,,o,i,6,
昨,tsʰ,,o,ʔ,8,
昭,t,,ɛ,u,1,
昭,t,,a,u,5,
是,ɕ,,i,,6,
晝,t,j,u,,5,
顯,ɕ,j,ɛ,n,3,
晉,tɕ,,y,n,5,
晏,ŋ,,a,n,5,「晚」
曬,s,,a,,5,
曉,ɕ,j,a,u,3,
晚,,w,a,n,3,
晦,f,,i,,5,
晨,ɕ,,i,n,2,
普,pʰ,,u,,3,
景,tɕ,,i,n,3,
晴,tɕʰ,j,a,ŋ,2,白
晴,tɕʰ,,i,n,2,文
晶,tɕ,,i,n,1,
晷,k,w,i,,3,
智,t,,i,,5,
暫,tsʰ,,a,n,6,
暇,h,,a,,6,
暑,s,,u,,3,
暖,l,,o,n,3,
暗,,,o,n,5,
暮,m,,u,,6,
暴,pʰ,,a,u,6,
暹,ɕ,j,ɛ,n,1,
曝,p,,u,ʔ,7,
曩,l,,o,ŋ,3,
曰,,ɥ,o,t,7,
曲,tɕʰ,j,u,ʔ,7,
更,k,,a,ŋ,1,白
更,k,,ɛ,n,1,文
更,k,,ɛ,n,5,文
曷,h,,o,t,8,
曹,tsʰ,,a,u,2,
曾,ts,,ɛ,n,1,
曾,tsʰ,,ɛ,n,2,
替,tʰ,,i,,5,
最,ts,w,i,,5,
月,n,ɥ,o,t,8,白
月,n,ɥ,o,t,7,文
有,,j,u,,3,
朋,pʰ,,u,ŋ,2,
服,f,,u,ʔ,8,
朔,s,,o,ʔ,7,
朕,tʰ,,i,n,6,
朗,l,,o,ŋ,3,
望,m,,o,ŋ,6,白
望,,w,o,ŋ,6,文
朝,t,,ɛ,u,1,
朝,tʰ,,ɛ,u,2,
期,tɕʰ,,i,,2,
木,m,,u,ʔ,7,
未,,w,i,,6,
末,m,,o,t,8,白
末,m,,o,t,7,文
本,p,,u,n,3,
札,ts,,a,t,7,
術,s,,u,t,8,
朱,t,,u,,1,
朵,t,,o,,3,
機,tɕ,,i,,1,
朽,ɕ,j,u,,3,
殺,s,,a,t,7,
雜,tsʰ,,a,t,8,
權,tɕʰ,ɥ,o,n,2,
杉,s,,a,n,1,
李,t,,i,,3,
杏,h,,ɛ,n,6,
村,tsʰ,,u,n,1,
杖,tʰ,,o,ŋ,6,
杜,tʰ,,u,,6,
杞,tɕʰ,,i,,3,
束,s,,u,ʔ,7,
條,tʰ,j,a,u,2,
來,l,,a,i,2,
楊,,j,o,ŋ,2,
杯,p,,i,,1,
杯,p,,o,i,1,
杰,tɕʰ,j,ɛ,t,8,
杳,m,j,a,u,3,
松,ɕ,j,u,ŋ,1,
板,p,,a,n,3,
極,tɕʰ,,i,ʔ,8,
構,k,,ɛ,u,5,
枉,,w,o,ŋ,3,
析,ɕ,,i,ʔ,7,
枕,t,,i,n,3,
林,t,,i,n,2,
枚,m,,i,,2,
枚,m,,o,i,2,
果,k,w,o,,3,
枝,t,,i,,1,
樞,tʰ,,u,,1,
棗,ts,,a,u,3,
槍,tɕʰ,j,o,ŋ,1,
枯,kʰ,,u,,1,
枵,ɕ,j,a,u,1,
架,k,,a,,5,
柁,h,,o,,6,白
柁,tʰ,,o,,6,文
柄,p,j,a,ŋ,5,白
柄,p,,i,n,3,文
柏,p,,a,ʔ,7,白
柏,p,,ɛ,ʔ,7,文
某,m,,ɛ,u,3,
柑,k,,o,n,1,
染,n,j,ɛ,n,3,白
染,l,,ɛ,n,3,新
柔,l,j,u,,2,
柚,,j,u,,6,
櫃,kʰ,w,i,,6,
查,tsʰ,,a,,2,
柩,tɕʰ,j,u,,6,
柬,k,,a,n,3,
柱,tʰ,,u,,1,白
柱,tʰ,,u,,6,文
柳,t,j,u,,3,
柴,tsʰ,,a,i,2,
柴,s,,a,i,2,
柵,tsʰ,,a,ʔ,7,白
柵,s,,a,ʔ,7,
柵,tsʰ,,ɛ,ʔ,7,
柵,s,,a,t,8,
標,p,j,a,u,1,
棧,tsʰ,,a,n,6,
櫛,ts,,ɛ,t,7,
棟,t,,u,ŋ,5,
樹,s,,u,,6,
棲,tɕʰ,,i,,1,
栗,t,,i,t,7,白
栗,t,,i,t,8,文
校,k,,a,u,5,
校,h,,a,u,6,
株,t,,u,,1,
樣,,j,o,ŋ,6,
核,h,,ɛ,ʔ,8,
根,k,,ɛ,n,1,
格,k,,a,ʔ,7,白
格,k,,ɛ,ʔ,7,文
栽,ts,,a,i,1,
桂,k,w,i,,5,
桃,tʰ,,a,u,2,
桅,,w,i,,2,
案,,,o,n,5,
桌,ts,,o,ʔ,7,
桐,tʰ,,u,ŋ,2,
桑,s,,o,ŋ,1,
桓,f,,o,n,2,
橋,tɕʰ,j,a,u,2,
樁,ts,,o,ŋ,1,
桶,tʰ,,u,ŋ,3,
梁,t,j,o,ŋ,2,
梅,m,,i,,2,
梅,m,,o,i,2,
梅,m,w,i,,2,
梓,ts,,ɿ,,3,
梢,s,,a,u,1,
夢,m,,u,ŋ,6,
梧,ŋ,,u,,2,
梨,t,,i,,2,
梭,s,,o,,1,
梯,tʰ,,i,,5,
械,h,,a,i,3,
梳,s,,u,,1,
梳,s,,u,,5,
梵,f,,a,n,2,
檢,tɕ,j,ɛ,n,3,
棉,m,j,ɛ,n,2,
棋,tɕʰ,,i,,2,
棒,pʰ,,o,ŋ,6,白
棒,p,,o,ŋ,5,文
棘,tɕ,,i,ʔ,7,
棚,pʰ,,a,ŋ,2,白
棚,pʰ,,u,ŋ,2,文
森,s,,ɛ,n,1,
椅,,,i,,3,
植,tʰ,,i,ʔ,8,
椒,tɕ,j,a,u,1,
椰,,j,a,,2,
椶,ts,,u,ŋ,1,
椽,tʰ,,o,n,2,
椿,tʰ,,u,n,1,
楚,tsʰ,,u,,3,
楞,l,,ɛ,n,2,
楦,ɕ,ɥ,o,n,1,
楷,kʰ,,a,i,3,
樓,l,,ɛ,u,2,
概,kʰ,,o,i,5,
欖,l,,a,n,3,
榆,,,i,,2,
榖,k,,u,ʔ,7,
榛,ts,,ɛ,n,1,
榜,p,,o,ŋ,3,
榨,ts,,a,,5,
槌,tʰ,w,i,,2,
槐,f,,a,i,2,
檳,p,,i,n,1,
槽,ts,,a,u,1,
樊,f,,a,n,2,
模,m,,u,,2,
橫,,w,a,ŋ,2,白
橫,h,,ɛ,n,2,文
樵,tɕʰ,j,a,u,2,
橄,kʰ,,a,n,3,
橘,tɕ,,y,t,7,
橙,tsʰ,,a,ŋ,2,白
橙,tʰ,,i,n,2,文
櫓,l,,u,,3,
檀,tʰ,,a,n,2,
檐,,j,ɛ,n,2,
欠,tɕʰ,j,ɛ,n,5,
次,tsʰ,,ɿ,,5,
歡,f,,o,n,1,
欣,ɕ,,i,n,1,
歐,ŋ,,ɛ,u,1,
欲,,j,u,ʔ,7,
欺,tɕʰ,,i,,1,
款,kʰ,w,o,n,3,
歇,ɕ,j,ɛ,t,7,
歌,k,,o,,1,
止,t,,i,,3,
正,t,,a,ŋ,5,白
正,t,,a,ŋ,1,白
正,t,,i,n,5,文
正,t,,i,n,1,文
此,tsʰ,,ɿ,,3,
步,pʰ,,u,,6,
武,,,u,,3,
歪,,w,a,i,1,
死,s,,ɿ,,3,
殃,,j,o,ŋ,1,
殆,tʰ,,a,i,6,
殉,ɕ,,y,n,6,
殊,s,,u,,2,
殘,tsʰ,,a,n,2,
殮,t,j,ɛ,n,6,
殖,tʰ,,i,ʔ,8,
殯,p,,i,n,5,
毆,,,ɛ,u,3,
段,tʰ,,o,n,6,
殷,,,i,n,1,
殿,tʰ,j,ɛ,n,6,
毀,f,,i,,3,
毅,n,,i,,6,
母,m,,u,,3,
每,m,,i,,3,
每,m,,o,i,3,
毒,tʰ,,u,ʔ,8,
比,p,,i,,3,
畢,p,,i,t,7,
斃,pʰ,,i,,6,
毛,m,,a,u,2,
毫,h,,a,u,2,
毯,tʰ,,a,n,3,
氏,ɕ,,i,,6,
民,m,,i,n,2,
氣,tɕʰ,,i,,5,
水,s,w,i,,3,
永,,j,u,ŋ,3,
汀,t,,i,n,1,
汁,t,,i,t,7,
求,tɕʰ,j,u,,2,
匯,f,,i,,6,
漢,h,,o,n,5,
汗,h,,o,n,6,
汝,,,ɛ,,3,
汞,k,,u,ŋ,5,
江,k,,o,ŋ,1,
池,tʰ,,i,,2,
污,,,u,,1,
湯,tʰ,,o,ŋ,1,
汪,,w,o,ŋ,1,
汲,tɕ,,i,t,7,
汴,pʰ,j,ɛ,n,6,
沂,tɕʰ,,i,,2,
沃,,,u,ʔ,7,
沈,ɕ,,i,n,3,
沉,tʰ,,i,n,2,
沐,m,,u,ʔ,7,
沙,s,,a,,1,
溝,k,,ɛ,u,1,
冇,m,,a,u,6,「沒有」
沒,m,,a,u,6,〈冇〉
沒,m,,u,t,7,
淪,t,,y,n,2,
滬,f,,u,,6,
沫,m,,o,t,8,
河,h,,o,,2,
油,,j,u,,2,
治,tʰ,,i,,6,
沼,t,,a,u,3,
沼,t,,ɛ,u,3,
沿,,ɥ,o,n,2,
泄,ɕ,j,ɛ,t,7,
泉,tɕʰ,ɥ,o,n,2,
泊,pʰ,,o,ʔ,7,
泌,p,,i,,5,
法,f,,a,t,7,
泛,f,,a,n,5,
泡,pʰ,,a,u,3,白
泡,pʰ,,a,u,5,文
波,p,,o,,1,
泣,tɕʰ,,i,t,7,
泣,tɕʰ,,i,t,7,
注,t,,u,,5,
淚,t,,i,,6,
泯,m,,i,n,3,
泰,tʰ,,a,i,5,
泳,,,y,n,6,
瀉,ɕ,j,a,,5,
潑,pʰ,,o,t,7,
澤,tsʰ,,ɛ,ʔ,7,
潔,tɕ,j,ɛ,t,7,
洋,,j,o,ŋ,2,
灑,s,,a,i,3,
洗,ɕ,,i,,3,
洛,l,,o,ʔ,7,
洞,tʰ,,u,ŋ,6,
津,tɕ,,y,n,1,
洪,f,,u,ŋ,2,
洲,t,j,u,,1,
活,,w,o,t,8,白
活,f,,o,t,8,文
窪,,w,a,,1,
洽,h,,a,t,8,
派,pʰ,,a,i,5,
流,t,j,u,,2,
淺,tɕʰ,j,ɛ,n,3,
漿,tɕ,j,o,ŋ,1,
澆,tɕ,j,a,u,1,
濁,tsʰ,,o,ʔ,8,
測,tsʰ,,ɛ,ʔ,7,
濟,tɕ,,i,,5,
渾,f,,u,n,6,
滸,f,,u,,3,
濃,n,j,u,ŋ,2,
浙,t,,ɛ,t,7,
浜,p,,i,n,1,
浦,pʰ,,u,,3,
浩,h,,a,u,6,
浪,l,,o,ŋ,6,
浮,f,,ɛ,u,2,
浴,,j,u,ʔ,7,
海,h,,o,i,3,
浸,tɕ,,i,n,5,白
浸,tɕʰ,,i,n,1,文
涂,tʰ,,u,,2,
消,ɕ,j,a,u,1,
涉,s,,ɛ,t,8,
涌,,j,u,ŋ,5,
涎,,j,ɛ,n,2,
涓,tɕ,ɥ,o,n,1,
涕,tʰ,,i,,5,
潤,l,,u,n,6,
漲,t,,o,ŋ,5,
澀,s,,ɛ,t,7,
涯,ŋ,,a,i,2,
淆,h,,a,u,2,
淋,t,,i,n,2,
淑,s,,u,ʔ,7,
淡,h,,a,n,6,白
淡,tʰ,,a,n,6,文
淤,,,i,,1,
淫,,,i,n,2,
淮,f,,a,i,2,
深,ɕ,,i,n,1,
混,f,,u,n,6,
淹,,j,ɛ,n,1,
添,tʰ,j,ɛ,n,1,
清,tɕʰ,,i,n,1,
淵,,ɥ,o,n,1,
漸,tɕʰ,j,ɛ,n,6,
漁,n,j,ɛ,,2,白
漁,n,,i,,2,文
滲,s,,ɛ,n,5,
佢,k,,ɛ,,3,「他」
渠,tɕʰ,,i,,2,
渠,k,,ɛ,,3,「他」
他,k,,ɛ,,3,〈佢〉
她,k,,ɛ,,3,〈佢〉
渡,tʰ,,u,,6,
渣,ts,,a,,1,
溫,,,u,n,1,
港,k,,o,ŋ,3,
渴,kʰ,,o,t,7,
游,,j,u,,2,
渺,m,j,a,u,3,
湖,f,,u,,2,
灣,,w,a,n,1,
溼,ɕ,,i,t,7,
潰,f,,i,,6,
濺,tɕ,j,ɛ,n,5,
溉,kʰ,,o,i,5,
源,n,ɥ,o,n,2,
溜,l,j,u,,6,白
溜,t,j,u,,2,文
溪,tɕʰ,,i,,1,
溺,l,,i,ʔ,7,
滂,pʰ,,o,ŋ,1,
滋,ts,,ɿ,,1,
滑,,w,a,t,8,白
滑,f,,a,t,8,文
滔,tʰ,,a,u,1,
滾,k,,u,n,3,
滯,tʰ,,i,,5,
滿,m,,o,n,3,
濾,t,,i,,5,
濫,l,,a,n,6,
灘,tʰ,,a,n,1,
滴,t,,i,ʔ,7,
滴,t,,i,ʔ,8,
漂,pʰ,j,a,u,3,
漂,pʰ,j,a,u,5,
漆,tɕʰ,,i,t,7,
漏,l,,ɛ,u,6,
演,,j,ɛ,n,3,
漫,m,,o,n,6,
漱,s,,ɛ,u,5,
潘,pʰ,,o,n,1,
潛,tɕʰ,j,ɛ,n,2,
潭,tʰ,,a,n,2,
潮,tʰ,,a,u,2,
潮,tʰ,,ɛ,u,2,
潺,tsʰ,,a,n,1,
澄,tʰ,,i,n,2,
澈,tʰ,,ɛ,t,8,
澡,ts,,a,u,3,
激,tɕ,,i,ʔ,7,
濯,tsʰ,,o,ʔ,8,
瀑,pʰ,,u,ʔ,8,
灌,k,w,o,n,5,
火,f,,o,,3,
滅,m,j,ɛ,t,7,
燈,t,,ɛ,n,1,
灰,f,,o,i,1,
灰,f,,i,,1,
靈,t,,i,n,2,
災,ts,,a,i,1,
燦,tsʰ,,a,n,5,
爐,l,,u,,2,
炊,tʰ,w,i,,1,
炎,,j,ɛ,n,2,
炒,tsʰ,,a,u,3,
炕,kʰ,,o,ŋ,5,
燉,t,,u,n,1,
炙,t,,a,ʔ,7,白
炙,t,,i,ʔ,7,文
炭,tʰ,,a,n,5,
炮,pʰ,,a,u,5,
點,t,j,ɛ,n,3,
煉,t,ɥ,o,n,6,
爛,l,,a,n,6,
烈,t,j,ɛ,t,7,
烘,f,,u,ŋ,1,
烙,l,,o,ʔ,7,
燭,t,,u,ʔ,7,
煙,,j,ɛ,n,1,
烤,kʰ,,a,u,5,
煩,f,,a,n,2,
燒,s,,ɛ,u,1,
熱,n,j,ɛ,t,8,白
熱,l,,ɛ,t,7,白
烹,pʰ,,ɛ,n,1,
焉,,j,ɛ,n,1,
煥,f,,o,n,5,
焚,f,,u,n,2,
焦,tɕ,j,a,u,1,
焰,,j,ɛ,n,6,
然,l,,ɛ,n,2,
煎,tɕ,j,ɛ,n,5,
照,t,,a,u,5,
照,t,,ɛ,u,5,
煨,,w,i,,1,
煮,t,,u,,3,
熄,ɕ,,i,ʔ,7,
熊,ɕ,j,u,ŋ,2,
熙,ɕ,,i,,1,
熟,s,,u,ʔ,8,
熬,ŋ,,a,u,2,
燎,t,j,a,u,2,
燕,,j,ɛ,n,1,
燕,,j,ɛ,n,5,
燠,,,a,u,5,
爆,p,,a,u,5,
爪,ts,,a,u,3,
爬,pʰ,,a,,2,
愛,,,o,i,5,
爵,tɕ,j,o,ʔ,7,
父,f,,u,,6,
爹,t,j,a,,1,
爽,s,,o,ŋ,3,
片,pʰ,j,ɛ,n,5,
版,p,,a,n,3,
牌,pʰ,,a,i,2,
牘,tʰ,,u,ʔ,8,
牙,ŋ,,a,,2,
牛,ŋ,,ɛ,u,2,白
牛,n,j,u,,2,文
牝,pʰ,,i,n,3,
牡,m,,ɛ,u,3,
牢,l,,a,u,2,
牧,m,,u,ʔ,7,
物,,,u,t,7,
牲,s,,a,ŋ,1,白
牲,s,,ɛ,n,1,文
牽,tɕʰ,j,ɛ,n,1,
特,tʰ,,ɛ,ʔ,8,
犧,ɕ,,i,,1,
犀,ɕ,,i,,1,
犁,t,,i,,2,
犒,kʰ,,a,u,5,
犬,tɕʰ,ɥ,o,n,3,
犯,f,,a,n,6,
狀,tsʰ,,o,ŋ,6,
狂,kʰ,w,o,ŋ,2,
狄,tʰ,,i,ʔ,8,
狎,h,,a,t,8,
狐,f,,u,,2,
狗,k,,ɛ,u,3,
狡,k,,a,u,3,
獨,tʰ,,u,ʔ,8,
狹,h,,a,t,8,
獅,s,,ɿ,,1,
獄,n,j,u,ʔ,7,
狼,l,,o,ŋ,2,
獵,t,j,ɛ,t,8,
猛,m,,ɛ,n,3,
猜,tsʰ,,a,i,1,
猝,tsʰ,,u,t,7,
豬,t,,ɛ,,1,白
豬,t,,u,,1,文
貓,m,j,a,u,2,
獻,ɕ,j,ɛ,n,5,
猴,h,,ɛ,u,2,
獺,tʰ,,a,t,7,
玄,ɕ,ɥ,o,n,2,
率,s,,u,t,7,
率,t,,y,t,7,
玉,n,j,u,ʔ,7,
王,,w,o,ŋ,2,
玩,,w,o,i,3,〈猥〉
玩,,w,a,n,2,
玫,m,,i,,2,
玫,m,,o,i,2,
環,,w,a,n,2,白
環,f,,a,n,2,文
現,ɕ,j,ɛ,n,6,
璽,ɕ,,i,,3,
玻,p,,o,,1,
珀,pʰ,,ɛ,ʔ,8,
珊,s,,a,n,1,
珍,t,,i,n,1,
珠,t,,u,,1,
班,p,,a,n,1,
球,tɕʰ,j,u,,2,
理,t,,i,,3,
瑣,s,,o,,3,
琛,ɕ,,i,n,1,
琢,ts,,o,ʔ,7,
琴,tɕʰ,,i,n,2,
琵,pʰ,,i,,2,
琶,pʰ,,a,,2,
瓊,tɕʰ,j,u,ŋ,2,
瑕,h,,a,,2,
瑞,s,w,i,,6,
瑟,s,,ɛ,ʔ,7,
瑰,k,w,i,,5,
璃,t,,i,,2,
璞,pʰ,,u,ʔ,8,
璧,p,,i,ʔ,7,
瓜,k,w,a,,1,
瓢,pʰ,j,a,u,2,
瓣,pʰ,,a,n,3,
瓤,l,,o,ŋ,2,
瓦,,w,a,,3,
甕,,,u,ŋ,5,
瓶,pʰ,,i,n,2,
甘,k,,o,n,1,
甚,ɕ,,i,n,6,
甜,tʰ,j,ɛ,n,2,
生,s,,a,ŋ,1,白
生,s,,ɛ,n,1,文
用,,j,u,ŋ,6,
甫,pʰ,,u,,3,
甫,f,,u,,3,
甬,,j,u,ŋ,3,
田,tʰ,j,ɛ,n,2,
由,,j,u,,2,
甲,k,,a,t,7,
申,ɕ,,i,n,1,
電,tʰ,j,ɛ,n,6,
男,l,,a,n,2,
暢,tʰ,,o,ŋ,5,
界,k,,a,i,5,
畏,,w,i,,5,
留,t,j,u,,2,
畜,tʰ,,u,ʔ,7,
畜,ɕ,j,u,ʔ,7,
略,t,j,o,ʔ,7,
番,f,,a,n,1,
疆,tɕ,j,o,ŋ,1,
疑,n,,i,,2,
疝,s,,a,n,5,
瘧,n,j,o,ʔ,7,
疫,,,i,,5,新
瘡,tsʰ,,o,ŋ,1,
疲,pʰ,,i,,2,
疵,tsʰ,,ɿ,,1,
疹,t,,i,n,3,
疼,tʰ,,u,ŋ,2,
疽,tɕ,,i,,1,
疾,tɕʰ,,i,t,8,
病,pʰ,j,a,ŋ,6,白
病,pʰ,,i,n,6,文
痊,tɕʰ,ɥ,o,n,1,
癢,,j,o,ŋ,3,
痔,tʰ,,i,,6,
痕,h,,ɛ,n,2,
痛,tʰ,,u,ŋ,5,
痢,t,,i,,6,
痰,tʰ,,a,n,2,
痲,m,,a,,2,
癡,tʰ,,i,,1,
瘦,s,,ɛ,u,5,
癩,l,,a,i,6,
癩,l,,a,t,7,
癲,t,j,ɛ,n,1,
登,t,,ɛ,n,1,
白,pʰ,,a,ʔ,8,白
白,pʰ,,ɛ,ʔ,8,文
百,p,,a,ʔ,7,白
百,p,,ɛ,ʔ,7,文
皂,tsʰ,,a,u,6,
的,k,,o,,0,〈嗰〉
的,t,,i,ʔ,7,
嗰,k,,o,,0,「的」
皆,k,,a,i,1,
皇,f,,o,ŋ,2,
皓,h,,a,u,6,
皖,f,,a,n,3,
皮,pʰ,,i,,2,
皺,ts,,ɛ,u,5,
皴,tɕ,,y,n,3,
皿,m,,i,n,3,
盅,t,,u,ŋ,1,
盆,pʰ,,u,n,2,
盈,,,i,n,2,
益,,,i,ʔ,7,
盍,h,,o,t,8,
盞,ts,,a,n,3,
鹽,,j,ɛ,n,2,
監,k,,a,n,1,
監,k,,a,n,5,
盒,h,,o,t,8,
盔,kʰ,w,i,,1,
蓋,k,,o,i,5,
盜,tʰ,,a,u,6,
盤,pʰ,,o,n,2,
盛,ɕ,,i,n,6,
盟,m,,i,n,2,
目,m,,u,ʔ,7,
盲,m,,o,ŋ,2,
直,tʰ,,i,ʔ,8,
值,tʰ,,i,ʔ,8,
值,tsʰ,,ɿ,ʔ,8,新
相,ɕ,j,o,ŋ,1,
相,ɕ,j,o,ŋ,5,
盼,pʰ,,a,n,5,
盾,ɕ,,y,n,3,
省,s,,ɛ,n,3,
省,s,,a,ŋ,3,白
省,ɕ,,i,n,3,
眉,m,,i,,2,
看,kʰ,,o,n,5,
看,kʰ,,o,n,1,
真,t,,i,n,1,
眠,m,j,ɛ,n,2,
眨,ts,,a,t,7,
眩,ɕ,ɥ,o,n,2,
眷,tɕ,ɥ,o,n,5,
眸,m,j,a,u,2,
眺,tʰ,j,a,u,5,
眼,ŋ,,a,n,3,
着,t,,o,ʔ,7,「穿」
着,tʰ,,o,ʔ,8,～火
睛,tɕ,j,a,ŋ,1,白
睛,tɕ,,i,n,1,文
睡,s,w,i,,6,
督,t,,u,ʔ,7,
瞎,h,,a,t,7,
瞞,m,,o,n,2,
瞪,tsʰ,,ɛ,n,1,白
瞬,s,,u,n,3,
瞰,kʰ,,a,n,5,
瞳,tʰ,,u,ŋ,2,
瞻,t,,ɛ,n,1,
瞿,tɕʰ,,i,,2,
矛,m,,a,u,2,
矜,tɕ,,i,n,1,
矢,ɕ,,i,,3,
矣,,,i,,3,
知,t,,i,,1,
矩,tɕ,,i,,3,
矯,tɕ,j,a,u,3,
短,t,,o,n,3,
矮,,,a,i,3,
石,s,,a,ʔ,8,白
石,ɕ,,i,ʔ,8,文
礦,kʰ,w,o,ŋ,5,
碼,m,,a,,3,
砌,tɕʰ,,i,,5,
砍,kʰ,,o,n,3,
研,ŋ,,ɛ,n,3,白
研,n,j,ɛ,n,3,文
磚,t,,o,n,1,
硯,n,j,ɛ,n,6,
破,pʰ,,o,,5,
碩,ɕ,,i,ʔ,8,
硬,ŋ,,a,ŋ,6,白
硬,ŋ,,ɛ,n,6,文
確,kʰ,,o,ʔ,7,
礙,ŋ,,o,i,6,
碎,s,w,o,i,5,白
碎,s,w,i,,5,文
碑,p,,i,,1,
碗,,w,o,n,3,
碧,p,,i,ʔ,7,
鹼,k,,a,n,3,
磁,tsʰ,,ɿ,,2,
磕,kʰ,,o,t,7,
磨,m,,o,,2,
磨,m,,o,,6,
磬,tɕʰ,j,a,ŋ,5,白
磬,tɕʰ,,i,n,5,文
磷,t,,i,n,2,
示,ɕ,,i,,6,
禮,t,,i,,3,
社,s,,a,,6,
祀,s,,ɿ,,6,
祈,tɕʰ,,i,,2,
祐,,j,u,,6,
祖,ts,,u,,3,
祝,t,,u,ʔ,7,
神,ɕ,,i,n,2,
祥,ɕ,j,o,ŋ,2,
票,pʰ,j,a,u,5,
祭,tɕ,,i,,5,
禎,t,,i,n,1,
禱,t,,a,u,3,
禍,f,,o,,6,
稟,p,,i,n,3,
禁,tɕ,,i,n,5,
祿,l,,u,ʔ,7,
禪,s,,ɛ,n,2,
禪,s,,ɛ,n,6,
福,f,,u,ʔ,7,
禧,ɕ,,i,,1,
禹,,,i,,3,
離,t,,i,,2,
禽,tɕʰ,,i,n,2,
禾,,w,o,,2,
秀,ɕ,j,u,,5,
私,s,,ɿ,,1,
禿,tʰ,,u,t,8,
秉,p,,i,n,3,
秋,tɕʰ,j,u,,1,
種,t,,u,ŋ,3,
種,t,,u,ŋ,5,
科,kʰ,w,o,,1,
秒,m,j,a,u,3,
祕,p,,i,,5,
租,ts,,u,,1,
秤,tʰ,,i,n,5,
秦,tɕʰ,,i,n,2,
秧,,j,o,ŋ,1,
秩,tʰ,,i,t,8,
積,tɕ,,i,ʔ,7,
稱,tʰ,,i,n,1,
稱,tʰ,,i,n,5,
移,,,i,,2,
穢,,w,i,,5,
稀,ɕ,,i,,1,
程,tʰ,,a,ŋ,2,白
程,tʰ,,i,n,2,文
稍,s,,a,u,3,
稅,s,w,i,,5,
稚,tʰ,,i,,6,
稠,tʰ,j,u,,2,
穩,,,u,n,3,
稷,tɕ,,i,ʔ,7,
稻,tʰ,,a,u,6,
稽,tɕ,,i,,1,
稿,k,,a,u,3,
穆,m,,u,ʔ,7,
穴,n,ɥ,o,t,8,
究,tɕ,j,u,,5,
窮,tɕʰ,j,u,ŋ,2,
穹,tɕʰ,j,u,ŋ,2,
空,kʰ,,u,ŋ,1,
穿,tʰ,,o,n,1,
突,tʰ,,u,t,8,
窄,ts,,ɛ,ʔ,7,
竅,tɕʰ,j,a,u,5,
窒,t,,i,t,7,
窗,tsʰ,,o,ŋ,1,
窘,tɕ,,y,n,3,
竄,tsʰ,,o,n,5,
窩,,w,o,,1,
窟,kʰ,,u,t,7,
窠,,w,o,,1,
窺,kʰ,w,i,,1,
窿,t,j,u,ŋ,2,
立,t,,i,t,7,
豎,s,,u,,6,
站,ts,,a,n,5,
競,tɕʰ,,i,n,6,
竟,tɕ,,i,n,5,
章,t,,o,ŋ,1,
竣,tɕ,,y,n,5,
童,tʰ,,u,ŋ,2,
竭,tɕʰ,j,ɛ,t,8,
端,t,,o,n,1,
竹,t,,u,ʔ,7,
竿,k,,o,n,1,
篤,t,,u,ʔ,7,
筍,ɕ,,y,n,3,
笑,ɕ,j,a,u,5,
筆,p,,i,t,7,
笙,s,,a,ŋ,1,白
笙,s,,ɛ,n,1,文
笛,t,j,a,ʔ,8,白
笛,t,,i,ʔ,8,文
符,f,,u,,2,
笨,p,,u,n,5,
第,tʰ,,i,,6,
箋,tɕ,j,ɛ,n,1,
籠,l,,u,ŋ,2,
等,t,,ɛ,n,3,
筋,tɕ,,i,n,1,
筏,f,,a,t,8,
筐,tɕʰ,j,o,ŋ,1,
筑,t,,u,ʔ,7,
筒,tʰ,,u,ŋ,2,
答,t,,a,t,7,
策,tsʰ,,ɛ,ʔ,7,
箏,t,,ɛ,n,1,白
箏,ts,,ɛ,n,1,文
筵,,j,ɛ,n,2,
籌,tʰ,j,u,,2,
籤,tɕʰ,j,ɛ,n,1,
簡,k,,a,n,3,
箍,k,,u,,1,
算,s,,o,n,5,
管,k,w,o,n,3,
簫,ɕ,j,a,u,1,
簫,ɕ,j,a,u,1,
箭,tɕ,j,ɛ,n,5,
箱,ɕ,j,o,ŋ,1,
箸,t,,u,,5,
篆,tʰ,,o,n,6,
篇,pʰ,j,ɛ,n,1,
篡,tsʰ,,o,n,5,
籃,l,,a,n,2,
籬,t,,i,,2,
篷,pʰ,,u,ŋ,2,
篾,m,j,ɛ,t,8,
簪,ts,,o,n,1,
簸,p,,o,,5,
籍,tɕʰ,,i,ʔ,8,
米,m,,i,,3,
類,t,,i,,6,
粉,f,,u,n,3,
粒,t,,i,t,7,
粒,t,,i,ʔ,7,
粗,tsʰ,,u,,1,
粘,n,j,ɛ,n,2,白
粘,t,,ɛ,n,1,文
粟,ɕ,j,u,ʔ,7,
粵,,ɥ,o,t,7,
粥,t,,u,ʔ,7,
糞,f,,u,n,5,
糧,t,j,o,ŋ,2,
糉,ts,,u,ŋ,5,
精,tɕ,j,a,ŋ,1,白
精,tɕ,,i,n,1,文
糖,tʰ,,o,ŋ,2,
糜,m,,i,,2,
糠,kʰ,,o,ŋ,1,
系,tɕ,,i,,5,白
系,ɕ,,i,,6,文
素,s,,u,,5,
索,s,,o,ʔ,7,
緊,tɕ,,i,n,3,
紫,ts,,ɿ,,3,
累,l,w,i,,6,
絮,s,,ɛ,,5,白
絮,ɕ,j,ɛ,,5,白
繁,f,,a,n,2,
纂,ts,,o,n,3,
糾,tɕ,j,u,,1,
紅,f,,u,ŋ,2,
紂,tʰ,j,u,,6,
纖,ɕ,j,ɛ,n,1,
約,,j,o,ʔ,7,
級,tɕ,,i,t,7,
紈,,ɥ,o,n,2,
紀,tɕ,,i,,5,
緯,,w,i,,6,
純,s,,u,n,2,
紗,s,,a,,1,
綱,k,,o,ŋ,1,
納,l,,a,t,7,
縱,tɕ,j,u,ŋ,1,
縱,tɕ,j,u,ŋ,5,
紙,t,,i,,3,
紋,,,u,n,2,
紡,f,,o,ŋ,3,
紐,n,j,u,,3,
線,ɕ,j,ɛ,n,5,
練,t,ɥ,o,n,6,
組,ts,,u,,3,
細,ɕ,,i,,5,
織,t,,i,ʔ,7,
終,t,,u,ŋ,1,
縐,ts,,ɛ,u,5,
絆,pʰ,,o,n,6,
絀,t,w,o,t,7,
紹,s,,ɛ,u,3,
經,tɕ,j,a,ŋ,1,白
經,tɕ,,i,n,1,文
絨,l,,u,ŋ,2,
結,tɕ,j,ɛ,t,7,
絝,kʰ,,u,,5,
繞,l,,ɛ,u,3,
絕,tɕʰ,ɥ,o,t,8,
絞,k,,a,u,3,
統,tʰ,,u,ŋ,3,
絹,tɕ,ɥ,o,n,5,
繡,ɕ,j,u,,5,
綏,s,w,i,,1,
繼,tɕ,,i,,5,
績,tɕ,,i,ʔ,7,
緒,ɕ,,i,,6,
續,ɕ,j,u,ʔ,8,
綽,tʰ,,o,ʔ,7,
繩,ɕ,,i,n,2,
維,,w,i,,2,
綢,tʰ,j,u,,2,
綠,t,j,u,ʔ,7,
綴,t,w,i,,5,
綴,t,,ɛ,t,7,
緬,m,j,ɛ,n,3,
纜,l,,a,n,3,
緝,tɕʰ,,i,t,8,
緞,h,,o,n,6,白
緞,tʰ,,o,n,6,文
緩,f,,o,n,6,
縷,t,,i,,3,
編,p,j,ɛ,n,1,
緣,,ɥ,o,n,2,
縛,f,,o,ʔ,8,
縫,f,,u,ŋ,6,白
縫,f,,u,ŋ,2,文
纏,tʰ,,ɛ,n,2,
縊,,,i,,5,
纓,,,i,n,1,
縮,s,,o,ʔ,7,
繆,m,j,u,,6,
繳,tɕ,j,a,u,3,
缸,k,,o,ŋ,1,
缺,tɕʰ,ɥ,o,t,7,
罄,tɕʰ,,i,n,5,
網,m,,o,ŋ,3,白
網,,w,o,ŋ,3,文
罕,h,,o,n,3,
羅,l,,o,,2,
罰,f,,a,t,8,
罷,pʰ,,a,,6,
罩,ts,,a,u,5,
罪,tsʰ,w,o,i,6,
罪,tsʰ,w,i,,6,
置,t,,i,,5,
署,s,,u,,6,
羈,tɕ,,i,,1,
羊,,j,o,ŋ,2,
羌,tɕʰ,j,o,ŋ,1,
美,m,,i,,3,
羔,k,,a,u,1,
羞,ɕ,j,u,,1,
羨,ɕ,ɥ,o,n,6,
羣,tɕʰ,,y,n,2,
羹,k,,a,ŋ,1,白
羹,k,,ɛ,n,1,文
羽,,,i,,3,
翁,,,u,ŋ,1,
翅,tʰ,,i,,5,
翕,ɕ,,i,t,7,
翠,tɕʰ,,i,,5,
翰,h,,o,n,6,
翻,f,,a,n,1,
翼,,,i,,ʔ,白
翼,,,i,ʔ,7,文
耀,,j,a,u,6,
老,l,,a,u,3,
考,kʰ,,a,u,3,
者,t,,a,,3,
耆,tɕʰ,,i,,2,
而,,,ɛ,,2,
耐,l,,a,i,6,
耕,k,,a,ŋ,1,白
耕,k,,ɛ,n,1,文
耗,h,,a,u,1,
耨,l,,ɛ,u,6,
耳,,,ɛ,,3,
耶,,j,a,,2,
恥,tʰ,,i,,3,
耽,t,,a,n,1,
耿,k,,ɛ,n,3,
聶,n,j,ɛ,t,8,
聃,t,,a,n,1,
聊,t,j,a,u,2,
聾,l,,u,ŋ,2,
職,t,,i,ʔ,7,
聯,t,ɥ,o,n,2,
聘,pʰ,,i,n,5,
聚,tɕʰ,,i,,6,
聰,tsʰ,,u,ŋ,1,
肅,ɕ,j,u,ʔ,7,
肄,,,i,,6,
肆,s,,ɿ,,5,
肇,tʰ,,ɛ,u,6,
肉,n,j,u,ʔ,8,白
肉,l,,u,ʔ,7,文
肋,l,,ɛ,ʔ,7,
肌,tɕ,,i,,1,
肘,t,j,u,,3,
肚,tʰ,,u,,6,
肚,t,,u,,3,
肛,k,,o,ŋ,1,
腸,tʰ,,o,ŋ,2,
股,k,,u,,3,
肢,t,,i,,1,
膚,f,,u,,1,
肥,f,,i,,2,
肩,tɕ,j,ɛ,n,1,
肪,f,,o,ŋ,2,
骯,,,o,ŋ,1,
肯,kʰ,,ɛ,n,3,
肱,k,w,ɛ,n,1,
育,,j,u,ʔ,7,
餚,h,,a,u,2,
肺,f,,i,,5,
腎,ɕ,,i,n,6,
腫,t,,u,ŋ,3,
脅,ɕ,j,ɛ,t,8,
胃,,w,i,,6,
胄,tʰ,j,u,,6,
膽,t,,a,n,3,
背,p,,a,i,5,白
背,p,,i,,5,文
背,p,,o,i,5,
胎,tʰ,,a,i,1,
胖,pʰ,,o,ŋ,5,
胚,pʰ,,i,,1,
胚,pʰ,,o,i,1,
勝,ɕ,,i,n,1,
勝,ɕ,,i,n,5,
胞,p,,a,u,1,
胡,f,,u,,2,
胥,s,,ɛ,,1,白
胥,ɕ,,i,,1,文
胰,,,i,,2,
胳,k,,o,ʔ,7,
膠,k,,a,u,1,
胸,ɕ,j,u,ŋ,1,
能,l,,ɛ,n,2,
脂,t,,i,,1,
脆,tsʰ,w,i,,5,
脈,m,,ɛ,ʔ,7,
脊,tɕ,,i,ʔ,7,
髒,ts,,o,ŋ,1,
臍,tsʰ,,ɿ,,2,白
臍,tɕ,,i,,1,文
腦,l,,a,u,3,
膿,l,,u,ŋ,2,
腳,tɕ,j,o,ʔ,7,
脫,tʰ,w,o,t,7,
脾,pʰ,,i,,2,
臘,l,,a,t,8,
腌,,j,ɛ,n,1,
腐,f,,u,,3,
腕,,w,o,n,3,
腥,ɕ,,i,n,1,
腮,s,,a,i,1,
腰,,j,a,u,1,
腱,tɕ,j,ɛ,n,5,
腹,f,,u,ʔ,8,
騰,tʰ,,ɛ,n,2,
腿,tʰ,w,o,i,3,白
腿,tʰ,w,i,,3,文
膏,k,,a,u,1,
膜,m,,o,ʔ,7,
膝,s,,ɛ,t,7,白
膝,ɕ,,i,t,7,文
膨,pʰ,,a,ŋ,2,白
膻,s,,ɛ,n,1,
臂,p,,i,,5,
臊,s,,a,u,1,
臣,ɕ,,i,n,2,
臧,ts,,o,ŋ,1,
自,tsʰ,,ɿ,,6,
臬,n,j,ɛ,t,7,
臭,tʰ,j,u,,5,
至,t,,i,,5,
致,t,,i,,5,
臻,ts,,ɛ,n,1,
臼,tɕʰ,j,u,,3,
臾,,,i,,2,
舀,,j,a,u,3,
舂,tʰ,,u,ŋ,1,
舅,tɕʰ,j,u,,6,
舌,s,,ɛ,t,8,
舍,s,,a,,3,
舍,s,,a,,5,
舒,s,,u,,1,
舛,tʰ,,o,n,3,
舜,s,,u,n,5,
舞,,,u,,3,
舟,t,j,u,,1,
艦,l,,a,n,6,
船,s,,o,n,2,
艇,tʰ,,i,n,3,
艮,k,,ɛ,n,5,
良,t,j,o,ŋ,2,
艱,k,,a,n,1,
色,s,,ɛ,ʔ,7,
豔,,j,ɛ,n,6,
藝,n,,i,,6,
艾,ŋ,,a,i,6,
節,tɕ,j,ɛ,t,7,
芋,,,i,,6,
芍,s,,o,ʔ,8,
芒,m,,o,ŋ,2,
芝,t,,i,,1,
芥,k,,a,i,5,
芬,f,,u,n,1,
芭,p,,a,,1,
花,f,,a,,1,
花,f,,a,,6,
芳,f,,o,ŋ,1,
芹,tɕʰ,,i,n,2,
芽,ŋ,,a,,2,
葦,,w,i,,3,
蒼,tsʰ,,o,ŋ,1,
蘇,s,,u,,1,
苔,tʰ,,a,i,2,
苗,m,j,a,u,2,
苟,k,,ɛ,u,3,
苦,kʰ,,u,,3,
英,,,i,n,1,
茂,m,,ɛ,u,6,
范,f,,a,n,6,
茄,tɕʰ,ɥ,o,,1,
茅,m,,a,u,2,
塋,,j,u,ŋ,2,
繭,tɕ,j,ɛ,n,3,
茫,m,,o,ŋ,2,
茶,tsʰ,,a,,2,
茸,l,,u,ŋ,2,
荀,ɕ,,y,n,6,
荊,tɕ,,i,n,1,
草,tsʰ,,a,u,3,
薦,tɕ,j,ɛ,n,5,
荒,f,,o,ŋ,1,
荔,t,,i,,6,
薺,tɕʰ,,i,,6,
蕩,tʰ,,o,ŋ,6,
榮,,j,u,ŋ,2,
榮,,j,a,ŋ,2,白
葷,f,,u,n,1,
蔭,,,i,n,5,
藥,,j,o,ʔ,8,
荷,h,,o,,2,
荷,h,,o,,6,
莠,,j,u,,3,
莫,m,,o,ʔ,8,
蓮,t,j,ɛ,n,2,
鶯,,,i,n,1,
蓴,s,,u,n,2,
莽,m,,o,ŋ,3,「長」
菊,tɕ,j,u,ʔ,7,
菓,k,w,o,,3,
菜,tsʰ,,a,i,5,
菩,pʰ,,u,,2,
菱,t,,i,n,2,
菲,f,,i,,1,
菲,f,,i,,3,
萄,tʰ,,a,u,2,
萌,m,,ɛ,n,2,
螢,,j,a,ŋ,2,白
螢,,j,u,ŋ,2,文
營,,j,u,ŋ,2,
蕭,ɕ,j,a,u,1,
蕭,ɕ,j,a,u,1,
薩,s,,a,t,7,
落,l,,o,ʔ,8,
著,t,,u,,5,
葚,ɕ,,i,n,6,
葛,k,,o,t,7,
董,t,,u,ŋ,3,
葬,ts,,o,ŋ,5,
葵,kʰ,w,i,,2,
蔣,tɕ,j,o,ŋ,3,
蒙,m,,u,ŋ,2,
蒜,s,,o,n,5,
蒯,kʰ,w,a,i,3,
蒲,pʰ,,u,,2,
蒸,t,,i,n,1,
蒿,h,,a,u,2,
蓄,ɕ,j,u,ʔ,7,
蓑,s,,o,,1,
藍,l,,a,n,2,
蓬,pʰ,,u,ŋ,2,
蔗,t,,a,,5,
蔡,tsʰ,,a,i,5,
蔬,s,,u,,1,
蔻,kʰ,,ɛ,u,5,
蔽,p,,i,,5,
蔽,pʰ,,i,,6,
蕈,tɕʰ,,i,n,6,
蕊,l,w,i,,3,
薄,pʰ,,u,,1,
薄,pʰ,,o,ʔ,8,
薇,,w,i,,2,
薛,ɕ,j,ɛ,t,7,
薨,f,,ɛ,n,1,
薰,ɕ,,y,n,1,
藏,tsʰ,,o,ŋ,2,
藏,tsʰ,,o,ŋ,6,
藐,m,j,a,u,3,
蘚,tɕʰ,j,ɛ,n,3,
藕,ŋ,,ɛ,u,3,
藤,tʰ,,ɛ,n,2,
藩,f,,a,n,2,
藿,f,,o,ʔ,7,
蘸,ts,,a,n,5,
虎,f,,u,,3,
虜,l,,u,,3,
虐,n,j,o,ʔ,7,
慮,t,,i,,5,
虔,tɕʰ,j,ɛ,n,2,
虛,ɕ,,i,,1,
虞,n,,i,,2,
虢,k,w,ɛ,ʔ,7,
蟲,tʰ,,u,ŋ,2,
蝨,s,,ɛ,t,7,
虹,k,,o,ŋ,5,白
虹,f,,u,ŋ,2,文
雖,s,w,i,,1,
蠆,tsʰ,,a,i,5,
蝕,ɕ,,i,ʔ,8,
蟻,n,,i,,3,
蚊,m,,u,n,2,白
蚊,,,u,n,2,文
蚌,pʰ,,o,ŋ,6,
蠶,tsʰ,,o,n,2,
蚤,ts,,a,u,3,
蚶,h,,o,n,1,
蛆,tsʰ,,ɛ,,1,白
蛇,s,,a,,2,
蟶,tʰ,,i,n,1,
蛙,,w,a,,1,
蛛,t,,u,,1,
蛤,k,,o,t,7,
蠻,m,,a,n,2,
蟄,tʰ,,i,t,8,
蛾,ŋ,,o,,2,
蜀,s,,u,ʔ,8,
蜂,f,,u,ŋ,1,
蝸,,w,o,,1,
蜜,m,,i,t,7,
蠟,l,,a,t,8,
蜻,tɕʰ,,i,n,1,
蠅,,,i,n,2,
蟬,s,,ɛ,n,2,白
蠍,tɕʰ,j,ɛ,t,8,
蝗,f,,o,ŋ,2,
蝙,p,j,ɛ,n,3,
蝠,f,,u,ʔ,7,
融,,j,u,ŋ,2,
螺,l,,o,,2,
蟀,s,,u,t,7,
蟹,h,,a,i,3,
蠢,tʰ,,u,n,3,
蠹,t,,u,,5,
血,n,ɥ,o,t,7,
釁,ɕ,,i,n,5,
行,h,,o,ŋ,2,
行,ɕ,,i,n,2,
銜,h,,a,n,2,
街,k,,a,i,1,
衙,ŋ,,a,,2,
衡,h,,ɛ,n,2,
衣,,,i,,1,
補,p,,u,,3,
表,p,j,a,u,3,
衫,s,,a,n,1,
襯,tsʰ,,ɛ,n,5,
衰,s,w,i,,1,
衾,tɕʰ,,i,n,1,
袁,,ɥ,o,n,2,
襖,,,a,u,3,
袍,pʰ,,a,u,2,
袖,tɕʰ,j,u,,6,白
袖,ɕ,j,u,,6,文
襪,,w,a,t,8,
被,pʰ,,i,,1,
襲,ɕ,,i,t,8,
裁,tsʰ,,a,i,2,
裂,t,j,ɛ,t,7,
裝,ts,,o,ŋ,1,
裕,,,i,,6,
裙,tɕʰ,,y,n,2,
裨,pʰ,,i,,2,
裳,s,,o,ŋ,2,
裸,l,,o,,3,
裹,k,w,o,,3,
褒,p,,a,u,1,
褚,t,,u,,3,
褥,l,,u,ʔ,7,
褶,t,,ɛ,t,7,
襄,ɕ,j,o,ŋ,1,
襟,tɕ,,i,n,1,
襻,pʰ,,a,n,5,
西,ɕ,,i,,1,
要,,j,a,u,1,
要,,j,a,u,5,
覆,f,,u,ʔ,7,
見,tɕ,j,ɛ,n,5,
觀,k,w,o,n,1,
觀,k,w,o,n,5,
規,k,w,i,,1,
覓,m,,i,ʔ,7,
視,ɕ,,i,,6,
覽,l,,a,n,3,
覺,k,,o,ʔ,7,
角,k,,o,ʔ,7,
解,k,,a,i,3,
解,h,,a,i,3,
觥,k,w,ɛ,n,1,
觸,tʰ,,u,ʔ,7,
言,n,j,ɛ,n,2,
詑,tʰ,,o,ʔ,7,
譽,,,i,,6,
謄,tʰ,,ɛ,n,2,
誓,ɕ,,i,,6,
警,tɕ,j,a,n,3,白
警,tɕ,,i,n,3,文
譬,pʰ,,i,,5,
計,tɕ,,i,,5,
訂,t,,i,n,3,
訃,f,,u,,5,
認,n,,i,n,6,白
譏,tɕ,,i,,1,
討,tʰ,,a,u,3,
讓,n,j,o,ŋ,6,白
讓,l,,o,ŋ,6,新
訖,n,,i,t,7,
訓,ɕ,,y,n,5,
議,n,,i,,6,
訊,ɕ,,y,n,5,
記,tɕ,,i,,5,
講,k,,o,ŋ,3,
諱,f,,i,,5,
謳,,,ɛ,u,1,
訝,ŋ,,a,,6,
許,ɕ,,i,,3,
訛,ŋ,w,o,,2,
論,l,,u,n,6,
論,l,,u,n,2,
訟,ɕ,j,u,ŋ,6,
諷,f,,u,ŋ,5,
設,s,,ɛ,t,7,
訪,f,,o,ŋ,3,
訣,tɕ,ɥ,o,t,7,
證,t,,i,n,5,
評,pʰ,j,a,ŋ,2,白
評,pʰ,,i,n,2,文
識,ɕ,,i,ʔ,7,
詐,ts,,a,,5,
訴,s,,u,,5,
診,t,,i,n,3,
詞,tsʰ,,ɿ,,2,
詞,s,,ɿ,,2,
詔,t,,a,u,5,
詔,t,,ɛ,u,5,
譯,,,i,ʔ,7,
試,ɕ,,i,,5,
詩,ɕ,,i,,1,
詰,ɕ,j,ɛ,t,8,
詼,f,,o,i,1,
詼,f,,i,,1,
誠,ɕ,,i,n,2,
誅,t,,u,,1,
話,,w,a,,6,白
話,f,,a,,6,文
誕,tʰ,,a,n,6,
詭,k,w,i,,3,
詢,ɕ,,y,n,2,
該,k,,o,i,1,
詳,ɕ,j,o,ŋ,2,
詫,tsʰ,,a,,5,
誣,,,u,,2,
語,n,,i,,3,
誥,k,,a,u,5,
誘,,j,u,,3,
說,s,w,o,t,7,
誦,ɕ,j,u,ŋ,6,
請,tɕʰ,j,a,ŋ,3,白
請,tɕʰ,,i,n,3,文
諸,t,,u,,1,
諾,l,,o,ʔ,7,
讀,tʰ,,u,ʔ,8,
課,kʰ,w,o,,5,
誰,s,w,i,,2,
調,tʰ,j,a,u,2,
調,tʰ,j,a,u,6,
諒,t,j,o,ŋ,6,
諄,t,,u,n,1,
談,tʰ,,a,n,2,
誼,n,,i,,6,
謀,m,,ɛ,u,2,
謊,f,,o,ŋ,3,
諫,k,,a,n,5,
諧,h,,a,i,2,
謁,,j,ɛ,t,7,
謂,,w,i,,6,
讒,tsʰ,,a,n,2,
諳,,,o,n,1,
諺,n,j,ɛ,n,6,
謎,m,,i,,2,
謎,m,,i,,6,
謝,tɕʰ,j,a,,6,白
謝,ɕ,j,a,,6,文
謠,,j,a,u,2,
謗,p,,o,ŋ,5,
諡,ɕ,,i,,6,
謙,tɕʰ,j,ɛ,n,1,
謹,tɕ,,i,n,3,
謬,m,j,u,,6,
譚,tʰ,,a,n,2,
譜,pʰ,,u,,3,
谷,k,,u,ʔ,7,
豁,f,,o,t,7,
豆,h,,ɛ,u,6,白
豆,tʰ,,ɛ,u,6,文
豌,,w,o,n,1,
豕,ɕ,,i,,3,
豚,tʰ,,u,n,2,
象,ɕ,j,o,ŋ,6,
豪,h,,a,u,2,
豫,,,i,,6,
豹,p,,a,u,5,
豺,tsʰ,,a,i,2,
貂,t,j,a,u,1,
貌,m,,a,u,6,
貝,p,w,i,,5,
貞,t,,i,n,1,
負,f,,u,,6,
貢,k,,u,ŋ,5,
財,tsʰ,,a,i,2,
責,ts,,ɛ,ʔ,7,
賢,ɕ,j,ɛ,n,2,
敗,pʰ,,a,i,6,
賬,t,,o,ŋ,5,
貨,f,,o,,5,
質,t,,i,t,7,
販,f,,a,n,5,
貪,h,,o,n,1,白
貪,tʰ,,o,n,1,文
貧,pʰ,,i,n,2,
購,k,,ɛ,u,5,
貯,t,,u,,5,
貫,k,w,o,n,5,
貳,,,ɛ,,6,
賤,tɕʰ,j,ɛ,n,6,
貼,tʰ,j,ɛ,t,7,
貴,k,w,i,,5,
貸,h,,a,i,6,白
貸,tʰ,,a,i,6,文
貿,m,,ɛ,u,6,
費,f,,i,,5,
賀,h,,o,,6,
貽,,,i,,2,
賊,tsʰ,,ɛ,ʔ,8,
賈,k,,a,,3,
賄,f,,i,,3,
賃,n,,i,n,6,
賂,l,,u,,6,
贓,ts,,o,ŋ,1,
資,ts,,ɿ,,1,
賒,s,,a,,1,
賦,f,,u,,5,
賭,t,,u,,3,
贖,s,,u,ʔ,8,
賞,s,,o,ŋ,3,
賠,pʰ,,i,,2,
賠,pʰ,,o,i,2,
賴,l,,a,i,6,
贅,t,w,i,,5,
賽,s,,a,i,5,
贊,ts,,a,n,5,
贈,tsʰ,,ɛ,n,6,
贍,s,,ɛ,n,6,
贏,,j,a,ŋ,2,白
贏,,,i,n,2,文
赤,tʰ,,i,ʔ,7,
赦,s,,a,,5,
赧,l,,a,n,3,
赫,h,,a,ʔ,7,白
赫,h,,ɛ,ʔ,7,文
走,ts,,ɛ,u,3,
赴,f,,u,,5,
趙,tʰ,,a,u,6,
趙,tʰ,,ɛ,u,6,
起,tɕʰ,,i,,3,
趁,t,,i,n,3,
超,tʰ,,ɛ,u,1,
越,,ɥ,o,t,7,
趨,tɕʰ,,i,,1,
趟,tʰ,,o,ŋ,3,
趣,tɕʰ,,i,,5,
足,tɕ,j,u,ʔ,7,
趾,t,,i,,3,
躍,,j,o,ʔ,7,
跋,pʰ,,a,t,8,
跌,t,j,ɛ,t,7,
跑,pʰ,,a,u,3,
跛,p,,o,,1,
距,tɕʰ,,i,,6,
跟,k,,ɛ,n,1,
跨,kʰ,w,a,,5,
跪,kʰ,w,i,,3,
路,l,,u,,6,
跳,tʰ,j,a,u,5,
踐,tɕʰ,j,ɛ,n,5,
踏,tʰ,,a,t,8,
踢,tʰ,j,a,ʔ,7,白
踢,tʰ,,i,ʔ,7,文
蹤,tɕ,j,u,ŋ,1,
蹄,tʰ,,i,,2,
蹲,tsʰ,,u,n,2,白
躁,ts,,a,u,5,
身,ɕ,,i,n,1,
躬,tɕ,j,u,ŋ,1,
車,tʰ,,a,,1,白
車,tɕ,,i,,1,文
軋,ŋ,,a,t,8,白
軋,ŋ,,a,t,7,文
軌,k,w,i,,3,
軒,ɕ,j,ɛ,n,1,
轉,t,,o,n,3,
轉,t,,o,n,5,
軛,,,ɛ,ʔ,7,
輪,t,,y,n,2,
軟,n,ɥ,o,n,3,
轟,f,,ɛ,n,1,
軻,kʰ,,o,,1,
軸,tʰ,,u,ʔ,8,
輕,tɕʰ,j,a,ŋ,1,白
輕,tɕʰ,,i,n,1,文
載,ts,,a,i,3,
載,ts,,a,i,5,
轎,tɕʰ,j,a,u,6,
較,k,,a,u,5,「試」
輔,f,,u,,6,
輛,t,j,o,ŋ,6,
輦,t,ɥ,o,n,3,
輩,p,,i,,5,
輩,p,,o,i,5,
輝,f,,i,,1,
輟,t,,ɛ,t,7,
輜,ts,,ɿ,,1,
輯,tɕʰ,,i,t,8,
輸,s,,u,,1,
轄,h,,ɛ,t,8,
轍,t,,ɛ,t,7,
辛,ɕ,,i,n,1,
辜,k,,u,,1,
辭,tsʰ,,ɿ,,2,
辟,pʰ,,i,ʔ,7,
辣,l,,a,t,8,
辨,pʰ,j,ɛ,n,6,
辯,pʰ,j,ɛ,n,6,
辮,p,j,ɛ,n,1,
辰,ɕ,,i,n,2,
辱,l,,u,ʔ,7,
邊,p,j,ɛ,n,1,
遼,t,j,a,u,2,
達,tʰ,,a,t,8,
遷,tɕʰ,j,ɛ,n,1,
迂,,,i,,1,
迄,n,,i,t,7,
迅,ɕ,,y,n,5,
過,k,w,o,,5,
邁,m,,a,i,6,
迎,n,,i,n,2,
運,,,y,n,6,
近,tɕʰ,,i,n,6,
迓,ŋ,,a,,6,
還,,w,o,n,2,～禮
還,f,,a,n,2,
進,tɕ,,i,n,5,
遠,,ɥ,o,n,3,
違,,w,i,,2,
連,t,j,ɛ,n,2,
遲,tʰ,,i,,2,
迥,ɕ,j,u,ŋ,3,
迫,p,,ɛ,ʔ,7,
迭,tʰ,j,ɛ,t,8,
述,s,,u,t,8,
迸,p,,i,n,5,
跡,tɕ,,i,ʔ,7,
追,t,w,i,,1,
退,tʰ,w,i,,5,
送,s,,u,ŋ,5,
適,ɕ,,i,ʔ,7,
逃,tʰ,,a,u,2,
逆,n,j,a,ʔ,8,白
逆,n,,i,ʔ,7,文
選,ɕ,ɥ,o,n,3,
遜,s,,u,n,5,
逋,pʰ,,u,,1,
透,h,,ɛ,u,5,白
透,tʰ,,ɛ,u,5,文
逐,tʰ,,u,ʔ,8,
遞,tʰ,,i,,6,
逗,tʰ,,ɛ,u,6,
通,tʰ,,u,ŋ,1,
逛,kʰ,w,o,ŋ,3,
逝,ɕ,,i,,6,
逞,tʰ,,i,n,3,
速,s,,u,ʔ,7,
造,tsʰ,,a,u,6,
逢,f,,u,ŋ,2,
逸,,,i,t,7,
逼,p,,i,ʔ,7,
逾,,,i,,2,
遁,tʰ,,u,n,6,
遂,ɕ,,i,,6,
遇,n,,i,,6,
遍,p,j,ɛ,n,5,
遏,,,o,t,7,
遐,h,,a,,2,
道,tʰ,,a,u,6,
遣,tɕʰ,j,ɛ,n,3,
遭,ts,,a,u,1,
遮,t,,a,,1,
遵,ts,,u,n,1,
遽,tɕ,,i,,5,
避,pʰ,,i,,6,
邀,,j,a,u,1,
邑,,,i,t,7,
鄧,h,,ɛ,n,6,白
鄧,tʰ,,ɛ,n,6,文
鄺,k,w,o,ŋ,3,
邦,p,,o,ŋ,1,
邪,ɕ,j,a,,2,
郵,,j,u,,2,
邯,h,,o,n,2,
邱,kʰ,,ɛ,u,2,白
邵,s,,a,u,2,
邵,s,,ɛ,u,2,
鄒,ts,,ɛ,u,1,
鄰,t,,i,n,2,
郁,,,y,t,7,
郁,,j,u,ʔ,7,
郊,k,,a,u,1,
郎,l,,o,ŋ,2,
鄭,tʰ,,a,ŋ,6,白
鄭,tʰ,,i,n,6,文
郡,tɕʰ,,y,n,6,
部,pʰ,,u,,6,
郭,k,w,o,ʔ,7,
都,t,,u,,1,
鄂,ŋ,,o,ʔ,7,
鄙,p,,i,,3,
酉,,j,u,,3,
酌,t,,o,ʔ,7,
配,pʰ,,i,,5,
配,pʰ,,o,i,5,
酒,tɕ,j,u,,3,
酣,h,,o,n,2,
酥,s,,u,,1,
酪,l,,o,ʔ,7,
酬,tʰ,j,u,,2,
醬,tɕ,j,o,ŋ,5,
酷,k,,u,ʔ,7,
酸,s,,o,n,1,
釀,n,j,o,ŋ,6,
醇,s,,u,n,2,
醋,tsʰ,,u,,5,
醒,ɕ,j,a,ŋ,3,白
醒,ɕ,,i,n,3,文
采,tsʰ,,a,i,3,
釋,ɕ,,i,ʔ,7,
里,t,,i,,3,
重,tʰ,,u,ŋ,2,
重,tʰ,,u,ŋ,6,
野,,j,a,,3,
量,t,j,o,ŋ,2,
量,t,j,o,ŋ,6,
金,tɕ,,i,n,1,
釜,f,,u,,3,
鑑,k,,a,n,5,
針,t,,i,n,1,
釘,t,j,a,ŋ,1,白
釘,t,,i,n,1,文
釣,t,j,a,u,5,
釵,tsʰ,,a,i,1,
鈍,tʰ,,u,n,5,白
鈍,tʰ,,u,n,6,文
鈔,tsʰ,,a,u,5,
鍾,t,,u,ŋ,1,
鋼,k,,o,ŋ,1,
鑰,,j,o,ʔ,7,
欽,tɕʰ,,i,n,1,
鈞,tɕ,,y,n,1,
鉤,k,,ɛ,u,1,
錢,tɕʰ,j,ɛ,n,2,
鉗,tɕʰ,j,ɛ,n,2,
鉢,p,,o,t,8,白
鉢,p,,o,t,7,文
鈸,pʰ,,a,t,8,
鑽,ts,,o,n,1,
鑽,ts,,o,n,5,
鐵,tʰ,j,ɛ,t,7,
鈴,t,j,a,ŋ,2,白
鈴,t,,i,n,2,文
鉛,,ɥ,o,n,2,
鐸,tʰ,,o,ʔ,7,
鐃,l,,a,u,2,
銅,tʰ,,u,ŋ,2,
銘,m,,i,n,2,
鏟,tsʰ,,a,n,3,
銃,tʰ,,u,ŋ,5,
銀,n,,i,n,2,
鑄,t,,u,,5,
鋪,pʰ,,u,,1,
鎖,s,,o,,3,
鋤,tsʰ,,u,,2,
鍋,k,w,o,,1,
銼,tsʰ,,o,,5,
銳,l,w,i,,6,
錯,tsʰ,,o,ʔ,7,
錫,ɕ,j,a,ʔ,7,白
錫,ɕ,,i,ʔ,7,文
錐,t,w,i,,1,
錦,tɕ,,i,n,3,
錠,tʰ,,i,n,6,
鍵,tɕ,j,ɛ,n,5,
鋸,k,,ɛ,,5,白
鋸,tɕ,,i,,5,文
鍬,tɕʰ,j,a,u,1,
鍾,t,,u,ŋ,1,
鍛,tʰ,,o,n,6,
鎮,t,,i,n,5,
鎔,,j,u,ŋ,2,
鏡,tɕ,,i,n,5,
鑊,f,,o,ʔ,8,
鐲,tsʰ,,o,ʔ,8,
長,tʰ,,o,ŋ,2,
長,t,,o,ŋ,3,
門,m,,u,n,2,
閂,s,,o,n,1,
閃,s,,ɛ,n,3,
閉,p,,i,,5,
問,,,u,n,6,
閏,l,,u,n,6,
閑,h,,a,n,2,
閒,h,,a,n,2,
間,k,,a,n,1,
間,k,,a,n,5,
悶,m,,u,n,6,
閘,s,,a,t,8,白
閘,h,,a,t,8,文
鬧,l,,a,u,6,
閨,k,w,i,,1,
聞,,,u,n,2,
闥,tʰ,,a,t,7,
閩,m,,i,n,3,
閣,k,,o,ʔ,7,
閱,,ɥ,o,t,7,
閹,,j,ɛ,n,1,
閻,,j,ɛ,n,2,
闊,kʰ,w,o,t,7,
闕,,ɥ,o,t,8,白
闕,tɕʰ,ɥ,o,t,7,文
阜,f,,ɛ,u,6,
隊,t,w,i,,5,
阮,n,ɥ,o,n,3,
防,f,,o,ŋ,2,
陽,,j,o,ŋ,2,
陰,,,i,n,1,
階,k,,a,i,1,
阻,ts,,u,,3,
阿,,,o,,1,
陀,tʰ,,o,,2,
附,f,,u,,6,
陸,t,j,u,ʔ,8,
隴,l,,u,ŋ,3,
陳,tʰ,,i,n,2,
陳,tʰ,,i,n,6,
陋,l,,ɛ,u,6,
陌,m,,ɛ,ʔ,7,
降,h,,o,ŋ,2,
降,k,,o,ŋ,5,
限,h,,a,n,6,
陝,s,,ɛ,n,3,
陛,pʰ,,i,,6,
陡,t,,ɛ,u,3,
院,,ɥ,o,n,6,
除,tʰ,,u,,2,
隕,,,y,n,3,
險,ɕ,j,ɛ,n,3,
陪,pʰ,,i,,2,
陪,pʰ,,o,i,2,
陵,t,,i,n,2,
陶,tʰ,,a,u,2,
陷,h,,a,n,6,
隆,t,j,u,ŋ,2,
隨,ɕ,,i,,2,
隱,,,i,n,3,
隔,k,,a,ʔ,7,白
隔,k,,ɛ,ʔ,7,文
隙,ɕ,,i,ʔ,8,
障,t,,o,ŋ,5,
隸,tʰ,,i,,6,
隹,t,w,i,,1,
難,l,,a,n,2,
難,l,,a,n,6,
雀,tɕʰ,j,o,ʔ,7,
雁,ŋ,,a,n,6,
雄,ɕ,j,u,ŋ,2,
雅,ŋ,,a,,3,
集,tɕʰ,,i,t,8,
僱,k,,u,,5,
雉,tʰ,,i,,6,
雌,tsʰ,,ɿ,,1,
雍,,j,u,ŋ,1,
雛,tsʰ,,u,,2,
雕,t,j,a,u,1,
雨,,,i,,3,
雪,n,ɥ,o,t,7,
零,t,j,a,ŋ,2,白
零,t,,i,n,2,文
雷,l,w,o,i,2,白
雷,l,w,i,,2,文
雹,pʰ,,o,ʔ,8,
霧,,,u,,6,
需,ɕ,,i,,1,
霄,ɕ,j,a,u,1,
震,t,,i,n,5,
霍,f,,o,ʔ,7,
霎,s,,a,t,7,白
霎,s,,a,t,7,文
霜,s,,o,ŋ,1,
霞,h,,a,,2,
露,l,,u,,6,
霸,p,,a,,5,
霹,pʰ,,i,ʔ,7,
青,tɕʰ,j,a,ŋ,1,白
青,tɕʰ,,i,n,1,文
靜,tɕʰ,,i,n,6,
非,f,,i,,1,
靠,kʰ,,a,u,5,
靡,m,,i,,3,
面,m,j,ɛ,n,6,
靨,l,,a,t,7,白
革,k,,ɛ,ʔ,7,
靴,ɕ,ɥ,o,,1,
鞋,h,,a,i,2,
鞍,,,o,n,1,
鞭,p,j,ɛ,n,1,
韓,h,,o,n,2,
韭,tɕ,j,u,,3,
音,,,i,n,1,
韻,,,y,n,6,
韶,s,,a,u,2,
韶,s,,ɛ,u,2,
頁,,j,ɛ,t,8,
頂,t,j,a,ŋ,3,白
頂,t,,i,n,3,文
頃,tɕʰ,j,u,ŋ,1,
頃,tɕʰ,j,u,ŋ,3,
項,h,,o,ŋ,6,
順,s,,u,n,6,
須,ɕ,,i,,1,
頑,,w,a,n,2,
顧,k,,u,,5,
頓,t,,u,n,5,
頒,p,,a,n,1,
頌,ɕ,j,u,ŋ,6,
預,,,i,,6,
領,t,j,a,ŋ,3,白
領,t,,i,n,3,文
頗,pʰ,,o,,3,
頸,tɕ,j,a,ŋ,3,白
頸,tɕ,,i,n,3,文
潁,,,i,n,3,
頻,pʰ,,i,n,2,
頹,tʰ,w,i,,2,
顆,kʰ,w,o,,5,
題,tʰ,,i,,2,
顒,,j,u,ŋ,2,
顏,ŋ,,a,n,2,
額,n,j,a,ʔ,8,白
額,ŋ,,ɛ,ʔ,7,文
顛,t,j,ɛ,n,1,
顫,t,,a,n,3,白
風,f,,u,ŋ,1,
颼,s,,ɛ,u,1,
飄,pʰ,j,a,u,1,
飛,f,,i,,1,
食,ɕ,,i,ʔ,8,
餐,tsʰ,,a,n,1,
飭,tʰ,,i,ʔ,7,
飯,f,,a,n,6,
飲,,,i,n,3,
飾,ɕ,,i,ʔ,7,
飽,p,,a,u,3,
飼,s,,ɿ,,6,
餌,,,ɛ,,6,
饒,n,j,a,u,2,
餉,s,,o,ŋ,3,
餅,p,j,a,ŋ,3,白
餅,p,,i,n,3,文
餓,ŋ,,o,,6,
餒,l,w,i,,3,
餛,f,,u,n,6,
館,k,w,o,n,3,
饋,kʰ,w,i,,6,
餿,s,,ɛ,u,1,
饞,tsʰ,,a,n,2,
饅,m,,o,n,2,
首,ɕ,j,u,,3,
香,ɕ,j,o,ŋ,1,
馨,ɕ,,i,n,1,
馬,m,,a,,3,
馱,h,,o,,2,「背」
馳,tʰ,,i,,2,
驅,tɕʰ,,i,,1,
駁,p,,o,ʔ,7,
驢,t,,i,,2,
駛,s,,ɿ,,3,
駒,tɕ,,i,,1,
駐,t,,u,,5,
駝,tʰ,,o,,2,
駕,k,,a,,5,
駡,m,,a,,6,
驕,tɕ,j,a,u,1,
駱,l,,o,ʔ,7,
駭,h,,a,i,3,
駢,pʰ,j,ɛ,n,2,
驗,n,j,ɛ,n,6,
騎,tɕʰ,,i,,2,
騙,pʰ,j,ɛ,n,5,
騷,s,,a,u,1,
騾,l,,o,,2,
驟,tsʰ,,ɛ,u,6,
骨,k,,u,t,7,
髓,ɕ,,i,,2,
高,k,,a,u,1,
鬼,k,w,i,,3,
魁,kʰ,w,i,,1,
魂,f,,u,n,2,
魄,pʰ,,ɛ,ʔ,8,
魏,,w,i,,6,
魔,m,,o,,2,
魚,n,j,ɛ,,2,白
魯,l,,u,,3,
鮑,pʰ,,a,u,6,
鮮,ɕ,j,ɛ,n,1,
鮮,ɕ,j,ɛ,n,3,
鯗,ɕ,j,o,ŋ,3,
鯽,ts,,ɛ,ʔ,7,
鯨,tɕʰ,,i,n,2,
鱷,ŋ,,o,ʔ,7,
鰥,k,w,a,n,1,
鱉,pʰ,j,ɛ,t,8,
鱗,t,,i,n,2,
鳥,t,j,a,u,3,
鳩,tɕ,j,u,,1,
雞,tɕ,,i,,1,
鳴,m,j,a,ŋ,2,白
鳴,m,,i,n,2,文
鴉,,,a,,1,
鴨,ŋ,,a,t,7,
鴞,ɕ,j,a,u,1,
鴟,tʰ,,i,,1,
鴿,k,,o,t,8,白
鴿,k,,o,t,7,文
鸞,l,,o,n,2,
鴻,f,,u,ŋ,2,
鵝,ŋ,,o,,2,
鵲,tɕʰ,j,o,ʔ,7,
鶴,h,,o,ʔ,8,
鸚,,,i,n,1,
鷹,,,ɛ,n,1,白
鷹,,,i,n,1,文
鹿,l,,u,ʔ,8,
麥,m,,a,ʔ,8,白
麥,m,,ɛ,ʔ,8,文
麻,m,,a,,2,
麾,f,,i,,1,
黃,,w,o,ŋ,2,白
黃,f,,o,ŋ,2,文
黍,s,,u,,3,
黎,t,,i,,2,
黑,h,,ɛ,ʔ,7,
默,m,,ɛ,ʔ,7,
鼂,ts,,a,u,5,
鼎,t,,i,n,3,
鼓,k,,u,,3,
鼠,s,,u,,3,文
鼠,s,,ɛ,,3,白
鼻,pʰ,,i,,6,
鼾,h,,o,n,1,
齊,tɕʰ,,i,,2,
齒,tʰ,,i,,3,
龍,t,j,u,ŋ,2,
龕,kʰ,,o,n,1,
龜,k,w,i,,1,
你,n,,i,,6,
湧,,j,u,ŋ,5,
剋,kʰ,,ɛ,ʔ,7,
絃,ɕ,ɥ,o,n,2,
榘,tɕ,,i,,3,
紮,ts,,a,t,7,
喫,tɕʰ,j,a,ʔ,7,白
喫,tɕʰ,,i,ʔ,7,文
據,tɕ,,i,,5,
矇,m,,u,ŋ,2,
亙,k,,ɛ,n,5,
範,f,,a,n,6,
兇,ɕ,j,u,ŋ,1,
佈,p,,u,,5,
塗,tʰ,,u,,2,
闢,pʰ,,i,ʔ,7,
禦,n,,i,,3,
禦,n,,i,,6,
彷,f,,o,ŋ,3,
菴,,,o,n,1,
豐,f,,u,ŋ,1,
採,tsʰ,,a,i,3,
簾,t,j,ɛ,n,2,
脩,ɕ,j,u,,1,
綵,tsʰ,,a,i,3,
齣,tʰ,,u,t,7,
慄,t,,i,t,7,白
慄,t,,i,t,8,文
嶽,ŋ,,o,ʔ,7,
柺,k,w,a,i,3,
瞭,t,j,a,u,3,
蓆,tɕʰ,j,a,ʔ,8,白
蓆,ɕ,,i,ʔ,8,文
衚,f,,u,,2,
閤,h,,o,t,8,
誌,t,,i,,5,
翫,ŋ,,o,n,6,
盃,p,,i,,1,
盃,p,,o,i,1,
掛,k,w,a,,5,
闇,,,o,n,5,
祇,t,,a,ʔ,7,白
祇,t,,i,,3,文
鬥,t,,ɛ,u,5,
慼,tɕʰ,,i,ʔ,8,
皁,tsʰ,,a,u,6,
濛,m,,u,ŋ,2,
讎,ɕ,j,u,,2,
鬱,,,y,t,7,
鬱,,j,u,ʔ,7,
迴,f,,i,,2,
俬,s,,ɿ,,1,
遊,,j,u,,2,
鹹,h,,a,n,2,
註,t,,u,,5,
彿,f,,u,t,7,
彿,f,,u,t,8,
硃,t,,u,,1,
餵,,w,i,,5,
週,t,j,u,,1,
侷,tɕʰ,j,u,ʔ,8,
麴,tɕʰ,j,u,ʔ,7,
闆,p,,a,n,3,
鏇,ɕ,ɥ,o,n,2,
淩,t,,i,n,2,
後,h,,ɛ,u,6,
麪,m,j,ɛ,n,6,
僕,pʰ,,u,ʔ,8,
颳,k,w,a,t,7,
孃,n,j,o,ŋ,2,
夥,f,,o,,3,
慾,,j,u,ʔ,7,
蔔,p,,u,ʔ,7,
牴,t,,i,,3,
釐,t,,i,,2,
唸,n,j,ɛ,n,6,
傢,k,,a,,1,
幹,k,,o,n,1,
幹,k,,o,n,5,
覈,h,,ɛ,ʔ,8,
臺,tʰ,,a,i,2,
氾,f,,a,n,5,
繫,tɕ,,i,,5,白
繫,ɕ,,i,,6,文
衕,tʰ,,u,ŋ,2,
崑,kʰ,,u,n,1,
捨,s,,a,,3,
捨,s,,a,,5,
佔,t,,ɛ,n,1,
佔,t,,ɛ,n,5,
羶,s,,ɛ,n,1,
蒐,s,,ɛ,u,1,
倖,h,,ɛ,n,6,
懞,m,,u,ŋ,2,
揹,p,,a,i,5,白
揹,p,,i,,5,文
揹,p,,o,i,5,
鬍,f,,u,,2,
緻,t,,i,,5,
檯,tʰ,,a,i,2,
藉,tɕ,j,a,,5,
藉,tɕʰ,j,a,,6,
醃,,j,ɛ,n,1,
釦,kʰ,,ɛ,u,5,
薹,tʰ,,a,i,2,
冑,tʰ,j,u,,6,
鼕,t,,u,ŋ,1,
卹,ɕ,,y,t,7,
曏,ɕ,j,o,ŋ,5,
伕,f,,u,,1,
傑,tɕʰ,j,ɛ,t,8,
裏,t,,i,,3,
賙,t,j,u,,1,
鞦,tɕʰ,j,u,,1,
鉅,tɕʰ,,i,,6,
癒,,,i,,3,
捲,tɕ,ɥ,o,n,3,
幾,tɕ,,i,,1,
幾,tɕ,,i,,3,
隻,t,,a,ʔ,7,白
隻,t,,i,,3,文
衹,t,,i,,3,
颱,tʰ,,a,i,2,
殭,tɕ,j,o,ŋ,1,
錶,p,j,a,u,3,
姦,k,,a,n,1,
製,t,,i,,5,
誇,kʰ,w,a,,1,
瀋,ɕ,,i,n,3,
諮,ts,,ɿ,,1,
穀,k,,u,ʔ,7,
纔,tsʰ,,a,i,2,
韆,tɕʰ,j,ɛ,n,1,
樑,t,j,o,ŋ,2,
睏,kʰ,,u,n,5,「睡」
寀,tsʰ,,a,i,3,
餘,,,i,,2,
萬,,w,a,n,6,
鬆,s,,u,ŋ,1,
鬆,ɕ,j,u,ŋ,1,
嚮,ɕ,j,o,ŋ,5,
託,tʰ,,o,ʔ,7,
汎,f,,a,n,5,
痠,s,,o,n,1,
輓,,w,a,n,3,
摺,t,,ɛ,t,7,
捱,,,a,i,1,
弔,t,j,a,u,5,
薑,tɕ,j,o,ŋ,1,
鵰,t,j,a,u,1,
築,t,,u,ʔ,7,
係,tɕ,,i,,5,白
係,ɕ,,i,,6,文
昇,ɕ,,i,n,1,
沛,pʰ,w,i,,5,
裡,t,,i,,3,
打,t,,a,,3,
不,p,,u,t,7,
們,m,,u,n,2,
健,tɕʰ,j,a,n,1,
化,f,,a,,5,
憶,,,i,ʔ,7,
忙,m,,o,ŋ,2,
勾,k,,ɛ,u,1,
腔,tɕʰ,j,o,ŋ,1,
瓷,tsʰ,,ɿ,,2,
櫻,,,i,n,1,
楓,f,,u,ŋ,1,
畫,f,,a,,1,
畫,f,,a,,6,
慧,f,,i,,6,
群,tɕʰ,,y,n,2,
遺,,,i,,2,
沸,f,,i,,5,
麵,m,j,a,n,6,
峰,f,,u,ŋ,1,
猶,,j,u,,2,
瀟,ɕ,j,a,u,1,
咧,t,j,ɛ,,0,「了」
哦,,,o,,0,
唄,p,,ɛ,,0,
尐,tɕ,,i,t,8,「一點兒」
膈,k,,ɛ,ʔ,7,
給,tɕ,,i,t,7,〈畀〉
畀,p,,a,i,3,「給」
囥,kʰ,,o,ŋ,5,「藏」
猥,,w,o,i,3,「玩」
攢,ts,,a,n,3,
戳,tsʰ,,o,ʔ,7,「肏」
屄,p,j,ɛ,t,7,
恨,h,,ɛ,n,6,
隧,s,w,i,,5,
予,,,i,,3,
潷,p,,i,t,7,「（使湯汁）流出」
塑,s,,u,,5,
梗,k,w,a,ŋ,3,白
梗,k,,ɛ,n,3,文
薯,s,,ɛ,,2,白
薯,s,,u,,3,文
邋,l,,a,t,7,
遢,t,,a,t,7,
蚻,tsʰ,,a,t,8,「蟑螂」
爸,p,,a,ʔ,7,
爺,,j,a,,2,「父親」
爺,,j,ɛ,,2,文
斯,s,,ɿ,,1,
往,,w,o,ŋ,3,
媽,m,,a,,1,
找,ts,,a,u,3,
尼,n,,i,,2,
臉,t,j,ɛ,n,3,
另,t,,i,n,6,
圾,tɕ,,i,,1,
曆,t,,i,ʔ,7,
砂,s,,a,,1,
檔,t,,o,ŋ,3,
棕,ts,,u,ŋ,1,
睦,m,,u,ʔ,7,
盯,t,,i,n,1,
鹵,l,,u,,3,
眯,m,,i,,1,
盧,l,,u,,2,
曙,s,,u,,3,
晃,f,,o,ŋ,5,
暈,,,y,n,1,
啼,tʰ,,i,,2,
冊,tsʰ,,a,ʔ,7,
峭,tɕʰ,j,a,u,5,
迪,tʰ,,i,ʔ,8,
秘,m,,i,,5,
肝,k,,o,n,1,
遙,,,a,u,2,
膛,tʰ,,o,ŋ,2,
甩,s,w,a,i,3,
劃,f,,a,,5,
劃,f,,a,,2,
圳,t,,u,n,5,
謆,s,,ɛ,n,5,「聊」
誺,l,,a,i,2,「忘」
掟,t,j,a,ŋ,5,「扔」
厾,t,,u,ʔ,5,「戳」
盪,h,,o,ŋ,1,「洗」
跍,k,,u,,2,「蹲」
搣,m,j,ɛ,t,7,「掰」
屙,ŋ,,o,,1,「排泄」
㧸,pʰ,,a,ŋ,1,「驅趕」
徛,tɕʰ,,i,,6,「站」
搛,tɕʰ,j,ɛ,n,2,「（用筷子）夾」
刣,s,,ɿ,,1,「宰（魚）」
㩳,s,,u,ŋ,3,「推」
扤,,w,u,t,8,「弄」
烊,,j,o,ŋ,2,「融化」
矺,ts,,a,,7,「壓」
掙,ts,,a,ŋ,5,白
焫,l,,a,t,7,「燙」
這,k,,o,,1,〈箇〉
這,k,,o,i,1,〈該〉
箇,k,,o,,1,「這」
那,,,ɛ,,1,〈爾〉
